Player ID,G,GS,MP,FG,FGA,FG%,3P,3PA,3P%,2P,2PA,2P%,eFG%,FT,FTA,FT%,ORB,DRB,TRB,AST,STL,BLK,TOV,PF,PTS
1,34,7,18.1,3.1,5.4,0.568,0.6,1.9,0.317,2.5,3.5,0.7,0.623,0.9,1.5,0.62,2.0,3.3,5.2,1.5,0.6,1.2,1.2,2.4,7.6
2,35,3,15.4,2.2,5.1,0.433,1.9,4.7,0.398,0.3,0.4,0.857,0.617,0.3,0.5,0.625,0.0,1.0,1.0,0.1,0.2,0.1,0.2,0.7,6.6
3,10,1,3.7,0.7,2.3,0.304,0.5,2.1,0.238,0.2,0.2,1.0,0.413,0.3,0.4,0.75,0.0,0.2,0.2,0.0,0.1,0.0,0.1,0.1,2.2
4,35,35,24.3,3.5,7.0,0.504,0.9,2.4,0.365,2.7,4.6,0.578,0.567,1.6,2.1,0.77,1.2,3.4,4.6,2.4,1.1,0.1,1.8,2.0,9.6
5,35,28,18.1,2.5,4.1,0.593,0.0,0.0,,2.5,4.1,0.593,0.593,2.0,2.9,0.67,2.7,4.5,7.2,0.5,0.5,1.0,1.2,2.8,6.9
6,6,6,23.5,2.2,7.8,0.277,1.8,5.5,0.333,0.3,2.3,0.143,0.394,2.5,3.0,0.833,1.3,3.8,5.2,2.0,0.8,0.7,0.2,1.3,8.7
7,32,3,8.2,0.9,1.3,0.69,0.0,0.0,,0.9,1.3,0.69,0.69,0.1,0.4,0.308,1.0,1.5,2.5,0.4,0.1,0.1,0.4,1.7,1.9
8,35,34,30.2,4.8,11.0,0.439,1.1,3.5,0.301,3.8,7.5,0.504,0.487,3.3,4.1,0.803,1.0,3.9,4.9,3.4,1.7,0.5,1.8,2.1,14.0
9,34,22,18.7,2.2,5.6,0.4,1.6,4.7,0.35,0.6,0.9,0.667,0.547,0.1,0.2,0.833,0.6,1.3,1.9,1.1,0.6,0.0,0.5,1.4,6.3
10,34,1,24.4,3.2,7.1,0.45,1.4,3.8,0.375,1.8,3.4,0.535,0.55,1.6,2.0,0.783,0.7,2.8,3.5,2.7,0.8,0.4,1.0,1.3,9.4
11,35,0,16.0,2.6,5.7,0.46,1.3,3.2,0.398,1.3,2.5,0.54,0.573,0.9,1.1,0.816,0.5,1.3,1.9,1.7,1.0,0.0,1.2,2.0,7.4
12,35,35,24.7,4.9,10.8,0.459,1.6,4.2,0.39,3.3,6.6,0.502,0.534,1.5,1.6,0.912,0.1,1.8,1.9,3.8,0.8,0.3,2.1,1.7,13.0
13,37,0,21.1,3.9,8.4,0.465,2.4,5.7,0.412,1.6,2.7,0.574,0.604,1.2,1.6,0.776,0.2,1.7,1.9,1.9,0.6,0.0,1.2,1.7,11.4
14,36,0,8.8,1.3,2.4,0.511,0.4,1.2,0.333,0.9,1.3,0.674,0.591,0.5,1.1,0.463,1.1,1.8,2.8,0.4,0.2,0.2,0.4,1.3,3.4
15,28,18,25.3,3.4,7.7,0.447,2.1,5.4,0.388,1.3,2.3,0.587,0.584,1.3,1.6,0.804,0.9,1.4,2.3,0.9,0.7,0.3,1.1,2.2,10.3
16,37,37,19.2,3.1,4.2,0.734,0.0,0.0,0.0,3.1,4.1,0.739,0.734,1.8,2.5,0.725,1.9,4.6,6.5,0.9,0.4,1.1,0.8,2.6,7.9
17,24,3,14.0,2.1,4.6,0.45,0.4,1.6,0.263,1.7,3.0,0.548,0.495,1.4,2.4,0.579,0.9,1.9,2.8,0.7,0.3,0.2,0.8,1.2,6.0
18,37,34,25.4,4.2,8.0,0.522,0.6,2.5,0.258,3.5,5.5,0.644,0.563,2.5,3.7,0.667,1.7,5.9,7.6,1.6,0.5,1.2,1.8,2.6,11.5
19,6,0,7.8,1.2,2.0,0.583,0.8,1.7,0.5,0.3,0.3,1.0,0.792,0.0,0.0,,1.0,1.2,2.2,0.2,0.5,0.0,0.0,0.7,3.2
20,37,22,18.7,1.8,4.2,0.429,0.8,2.7,0.307,0.9,1.4,0.66,0.529,1.0,1.7,0.597,1.0,2.4,3.4,0.8,0.5,0.6,0.8,2.2,5.4
21,37,29,24.7,3.8,8.5,0.452,1.1,3.4,0.315,2.8,5.1,0.542,0.514,1.9,2.4,0.767,0.9,2.4,3.3,3.8,1.4,0.3,1.7,1.7,10.6
22,8,5,25.8,3.5,7.0,0.5,2.4,5.6,0.422,1.1,1.4,0.818,0.67,2.1,2.5,0.85,0.5,1.3,1.8,2.0,0.5,0.1,1.3,1.6,11.5
23,37,37,32.3,5.4,13.4,0.403,2.4,7.1,0.345,3.0,6.4,0.468,0.494,5.4,6.4,0.844,0.4,2.5,2.9,5.1,0.9,0.1,2.7,1.5,18.6
24,10,0,1.6,0.1,0.2,0.5,0.0,0.0,,0.1,0.2,0.5,0.5,0.0,0.0,,0.0,0.4,0.4,0.0,0.0,0.0,0.0,0.0,0.2
25,37,0,16.0,2.7,4.4,0.617,0.3,0.7,0.462,2.4,3.7,0.647,0.654,1.5,2.5,0.609,1.9,4.0,5.9,1.1,0.9,0.7,1.1,2.4,7.2
26,36,36,28.7,5.2,12.9,0.401,1.1,3.5,0.307,4.1,9.4,0.437,0.443,3.0,4.0,0.755,0.6,1.4,2.0,2.3,1.7,0.0,1.4,1.5,14.5
27,35,35,29.4,5.1,12.3,0.418,2.0,5.4,0.378,3.1,6.9,0.449,0.5,1.8,2.5,0.719,0.8,2.2,3.0,2.4,1.1,0.1,1.3,2.4,14.1
28,36,5,13.5,1.6,4.0,0.403,0.8,2.4,0.318,0.8,1.6,0.536,0.5,0.6,0.9,0.636,1.1,2.2,3.3,0.4,0.6,0.4,0.6,1.8,4.6
29,19,0,11.8,1.2,2.8,0.407,0.5,1.7,0.303,0.6,1.1,0.571,0.5,1.3,1.8,0.735,0.7,1.1,1.8,0.3,0.2,0.1,0.7,1.6,4.2
30,36,18,18.8,2.1,5.0,0.413,0.6,2.1,0.276,1.5,2.9,0.515,0.472,0.6,1.0,0.611,1.5,1.9,3.5,0.4,0.4,0.8,0.4,2.4,5.3
31,4,0,1.8,0.8,1.0,0.75,0.3,0.3,1.0,0.5,0.8,0.667,0.875,0.8,0.8,1.0,0.0,0.0,0.0,0.0,0.0,0.3,0.5,0.3,2.5
32,9,0,15.4,0.3,1.3,0.25,0.0,0.0,,0.3,1.3,0.25,0.25,0.8,1.2,0.636,1.6,2.8,4.3,0.6,0.3,0.6,0.4,1.8,1.4
33,29,27,25.2,2.0,5.4,0.363,0.8,3.2,0.255,1.1,2.2,0.524,0.439,0.4,1.0,0.379,1.8,3.6,5.3,0.7,1.5,0.3,0.6,2.8,5.1
34,36,1,17.2,2.2,6.2,0.351,1.4,4.3,0.329,0.8,1.9,0.403,0.466,0.8,1.0,0.811,0.2,1.4,1.6,1.2,0.7,0.1,0.8,1.3,6.6
35,32,0,10.4,1.5,3.5,0.441,0.3,0.9,0.367,1.2,2.5,0.469,0.491,0.8,1.1,0.686,0.2,0.8,1.0,1.3,0.6,0.0,0.8,0.5,4.2
36,34,33,29.9,4.1,9.7,0.424,0.6,2.1,0.292,3.5,7.6,0.461,0.456,3.7,5.3,0.698,1.3,5.7,7.1,2.5,1.1,0.3,1.5,2.0,12.5
37,31,4,13.7,1.6,4.1,0.386,1.4,3.7,0.377,0.2,0.4,0.462,0.555,0.1,0.1,0.667,0.2,1.4,1.6,0.4,0.3,0.1,0.3,0.9,4.6
38,35,21,14.3,0.8,1.5,0.509,0.0,0.0,,0.8,1.5,0.509,0.509,0.4,0.9,0.424,1.6,2.2,3.8,0.1,0.3,0.6,0.8,2.5,1.9
39,11,0,1.4,0.1,0.4,0.25,0.0,0.1,0.0,0.1,0.3,0.333,0.25,0.1,0.2,0.5,0.2,0.1,0.3,0.0,0.1,0.0,0.2,0.4,0.3
40,37,28,18.2,2.4,5.4,0.45,1.4,3.3,0.413,1.1,2.1,0.506,0.575,1.0,1.1,0.902,0.4,0.9,1.4,1.4,0.5,0.1,0.7,0.9,7.2
41,37,37,34.1,5.8,14.5,0.398,2.6,7.8,0.34,3.1,6.8,0.464,0.489,3.0,3.4,0.889,0.4,4.1,4.4,3.4,1.2,0.3,1.9,1.2,17.2
42,37,5,19.3,2.2,4.8,0.46,1.1,2.8,0.371,1.1,1.9,0.592,0.571,1.1,1.6,0.695,0.9,3.2,4.1,1.0,0.9,1.0,1.0,2.3,6.5
43,22,0,5.0,0.5,0.8,0.667,0.2,0.5,0.5,0.3,0.4,0.875,0.806,0.3,0.4,0.875,0.0,0.3,0.3,1.0,0.3,0.0,0.3,0.5,1.6
44,8,0,3.0,0.6,0.6,1.0,0.0,0.0,,0.6,0.6,1.0,1.0,0.0,0.4,0.0,0.1,1.1,1.3,0.1,0.3,0.1,0.3,0.5,1.3
45,12,0,1.8,0.3,0.5,0.667,0.2,0.3,0.667,0.2,0.3,0.667,0.833,0.0,0.0,,0.1,0.5,0.6,0.0,0.2,0.1,0.1,0.1,0.8
46,37,5,20.8,3.5,5.9,0.592,0.4,1.3,0.327,3.1,4.6,0.669,0.628,1.9,2.8,0.686,2.2,2.8,5.0,1.3,0.7,1.1,1.1,2.7,9.4
47,2,0,1.0,0.0,0.0,,0.0,0.0,,0.0,0.0,,,0.0,0.0,,0.0,0.5,0.5,0.0,0.0,0.0,0.0,0.0,0.0
48,2,0,1.0,0.0,0.0,,0.0,0.0,,0.0,0.0,,,0.0,0.0,,0.5,0.0,0.5,0.0,0.0,0.0,0.0,0.5,0.0
49,37,37,34.1,4.3,9.1,0.467,0.7,2.1,0.321,3.6,7.0,0.512,0.504,2.8,3.4,0.827,0.6,2.8,3.4,3.7,1.8,0.1,1.9,2.1,12.1
50,37,6,25.8,3.6,8.4,0.429,0.4,1.9,0.188,3.2,6.5,0.498,0.45,3.3,4.1,0.807,1.3,3.3,4.6,2.9,1.3,0.8,2.0,2.6,10.8
51,14,0,2.0,0.0,0.6,0.0,0.0,0.5,0.0,0.0,0.1,0.0,0.0,0.2,0.3,0.75,0.1,0.3,0.4,0.1,0.1,0.0,0.0,0.2,0.2
52,9,0,1.6,0.0,0.3,0.0,0.0,0.3,0.0,0.0,0.0,,0.0,0.0,0.0,,0.0,0.2,0.2,0.0,0.0,0.0,0.0,0.0,0.0
53,8,1,15.6,2.6,4.8,0.553,0.0,0.0,,2.6,4.8,0.553,0.553,2.6,3.8,0.7,1.9,2.6,4.5,1.1,0.4,0.8,0.8,2.0,7.9
54,2,0,1.0,0.5,1.0,0.5,0.0,0.0,,0.5,1.0,0.5,0.5,0.0,0.0,,0.0,0.5,0.5,0.0,0.5,0.0,0.5,0.0,1.0
55,37,36,19.5,3.2,4.9,0.646,0.1,0.1,0.4,3.1,4.8,0.653,0.652,1.6,2.4,0.667,2.9,4.9,7.8,0.7,0.4,0.6,0.8,2.9,8.0
56,35,30,21.0,3.1,6.3,0.495,0.5,1.4,0.333,2.7,4.9,0.541,0.532,1.5,1.9,0.794,1.6,2.4,3.9,1.0,0.3,0.2,1.1,1.2,8.2
57,3,0,1.0,0.0,0.0,,0.0,0.0,,0.0,0.0,,,0.0,0.0,,0.0,0.0,0.0,0.0,0.0,0.0,0.3,0.0,0.0
58,11,0,1.1,0.1,0.2,0.5,0.0,0.0,,0.1,0.2,0.5,0.5,0.0,0.0,,0.1,0.1,0.2,0.0,0.0,0.0,0.1,0.0,0.2
59,27,26,27.5,5.1,9.4,0.545,0.4,1.6,0.256,4.7,7.8,0.605,0.567,4.4,6.5,0.686,1.8,4.0,5.8,1.9,1.6,0.7,1.7,2.6,15.1
60,2,0,2.0,0.5,1.5,0.333,0.0,0.5,0.0,0.5,1.0,0.5,0.333,0.0,0.0,,0.5,0.0,0.5,0.0,0.0,0.0,0.0,0.0,1.0
61,36,0,17.5,2.3,4.3,0.523,0.1,0.4,0.125,2.2,3.9,0.568,0.529,1.1,1.6,0.732,1.0,2.0,3.0,1.4,0.5,0.4,1.3,2.0,5.7
62,21,18,31.8,4.6,12.0,0.379,1.7,5.0,0.34,2.9,7.0,0.408,0.451,2.6,3.1,0.833,0.5,2.8,3.2,5.1,1.5,0.0,1.4,1.8,13.5
63,1,0,6.0,1.0,3.0,0.333,0.0,0.0,,1.0,3.0,0.333,0.333,0.0,0.0,,0.0,1.0,1.0,0.0,0.0,0.0,1.0,0.0,2.0
64,36,36,34.5,4.1,10.2,0.401,1.1,3.8,0.304,2.9,6.4,0.457,0.456,1.9,2.3,0.817,0.3,2.4,2.7,3.6,1.0,0.1,2.2,1.4,11.2
65,4,0,1.0,0.0,0.3,0.0,0.0,0.0,,0.0,0.3,0.0,0.0,0.0,0.0,,0.0,0.0,0.0,0.0,0.0,0.0,0.0,0.3,0.0
66,34,29,31.7,3.9,10.0,0.39,1.7,5.1,0.328,2.2,4.9,0.455,0.474,2.5,2.9,0.866,0.7,2.7,3.4,1.6,1.4,0.2,1.5,2.2,12.0
67,33,15,18.9,2.7,4.8,0.57,0.0,0.2,0.0,2.7,4.6,0.596,0.57,1.4,2.3,0.618,1.6,3.4,5.0,0.8,0.7,1.1,0.9,1.9,6.9
68,3,0,2.0,0.0,0.0,,0.0,0.0,,0.0,0.0,,,0.0,0.0,,0.0,0.3,0.3,0.3,0.0,0.0,0.0,0.0,0.0
69,36,24,24.0,2.7,5.8,0.462,1.0,2.8,0.35,1.7,3.0,0.565,0.546,2.0,2.5,0.802,0.7,2.6,3.3,1.0,0.6,0.5,1.1,1.9,8.3
70,2,0,1.5,0.0,0.5,0.0,0.0,0.5,0.0,0.0,0.0,,0.0,0.0,0.0,,0.0,0.0,0.0,0.0,0.0,0.0,0.0,0.0,0.0
71,34,13,20.9,2.6,4.4,0.6,0.7,1.9,0.364,1.9,2.5,0.786,0.68,0.8,1.5,0.529,1.5,3.9,5.4,0.7,0.8,1.1,1.0,2.2,6.8
72,35,19,19.1,3.0,6.3,0.473,1.3,3.6,0.376,1.7,2.8,0.598,0.579,1.2,1.7,0.724,0.8,3.5,4.3,0.8,0.7,1.9,1.4,2.0,8.5
73,13,0,2.0,0.2,0.2,1.0,0.0,0.0,,0.2,0.2,1.0,1.0,0.2,0.3,0.75,0.1,0.1,0.2,0.2,0.1,0.0,0.2,0.2,0.7
74,8,0,1.3,0.1,0.3,0.5,0.0,0.0,,0.1,0.3,0.5,0.5,0.0,0.0,,0.0,0.0,0.0,0.0,0.3,0.0,0.0,0.0,0.3
75,38,34,25.6,3.8,8.5,0.448,1.6,4.1,0.381,2.3,4.4,0.509,0.539,3.1,3.5,0.888,0.5,2.5,3.0,2.7,1.2,0.6,1.4,2.7,12.3
76,38,3,23.5,3.7,6.5,0.567,0.4,1.3,0.294,3.3,5.2,0.638,0.597,1.3,1.9,0.704,1.6,3.3,4.9,1.3,0.7,0.9,1.1,2.8,9.1
77,37,4,10.0,0.4,0.9,0.441,0.1,0.4,0.188,0.3,0.5,0.667,0.485,0.2,0.2,0.667,0.5,1.0,1.5,0.4,0.2,0.1,0.3,1.2,1.1
78,37,37,28.1,3.3,7.5,0.442,1.8,4.3,0.411,1.5,3.2,0.483,0.56,2.6,2.9,0.896,0.4,1.6,2.0,2.6,0.6,0.2,1.4,1.5,10.9
79,38,38,20.3,2.2,3.2,0.7,0.0,0.1,0.5,2.2,3.1,0.703,0.704,0.6,1.8,0.324,2.5,2.6,5.1,1.6,0.8,1.4,0.6,2.6,5.0
80,15,2,9.4,0.4,1.9,0.214,0.3,1.5,0.217,0.1,0.3,0.2,0.304,0.3,0.3,0.8,0.3,0.9,1.2,0.9,0.3,0.0,0.2,0.2,1.4
81,27,0,6.0,0.6,1.4,0.436,0.1,0.5,0.154,0.6,1.0,0.577,0.462,0.1,0.1,0.75,0.7,0.3,1.0,0.4,0.2,0.1,0.1,0.9,1.4
82,21,0,9.1,1.4,2.7,0.536,0.4,1.0,0.409,1.0,1.6,0.618,0.616,1.0,1.4,0.667,0.4,0.8,1.1,0.1,0.3,0.2,0.3,0.9,4.2
83,36,35,30.2,7.3,14.3,0.51,0.7,2.5,0.278,6.6,11.8,0.559,0.534,3.3,5.6,0.587,3.7,7.1,10.8,2.9,0.9,2.1,1.6,2.1,18.6
84,38,36,28.2,3.7,9.1,0.406,2.3,6.1,0.378,1.4,3.0,0.465,0.533,1.6,1.7,0.909,0.3,3.3,3.7,1.1,1.0,0.4,0.9,2.2,11.3
85,11,0,1.3,0.3,0.5,0.6,0.1,0.2,0.5,0.2,0.3,0.667,0.7,0.0,0.0,,0.1,0.2,0.3,0.1,0.0,0.0,0.1,0.0,0.6
86,1,0,1.0,0.0,0.0,,0.0,0.0,,0.0,0.0,,,0.0,0.0,,0.0,0.0,0.0,0.0,0.0,0.0,0.0,0.0,0.0
87,38,1,22.9,3.8,9.1,0.421,1.8,5.0,0.366,2.0,4.1,0.487,0.522,2.1,2.6,0.804,0.2,2.0,2.2,3.0,0.9,0.2,1.6,2.4,11.6
88,9,0,3.3,0.2,0.4,0.5,0.2,0.4,0.5,0.0,0.0,,0.75,0.2,0.2,1.0,0.0,0.4,0.4,0.0,0.1,0.0,0.1,0.1,0.9
89,32,10,24.6,2.1,5.3,0.402,1.1,3.2,0.353,1.0,2.1,0.478,0.509,1.4,2.1,0.672,0.6,1.6,2.2,4.2,0.7,0.1,1.6,1.8,6.8
90,36,0,16.7,2.7,5.9,0.453,1.1,3.0,0.38,1.5,2.9,0.529,0.55,1.0,1.3,0.783,0.3,1.7,2.0,1.4,0.4,0.0,0.9,1.4,7.5
91,33,33,27.5,3.8,9.3,0.412,1.3,4.7,0.273,2.5,4.6,0.553,0.48,1.7,2.5,0.695,0.3,3.6,3.9,5.5,1.2,0.4,2.9,1.2,10.6
92,21,0,5.2,0.4,1.2,0.346,0.1,0.4,0.222,0.3,0.8,0.412,0.385,0.2,0.3,0.714,0.2,0.4,0.6,0.7,0.3,0.0,0.3,0.7,1.2
93,36,1,17.3,3.4,5.4,0.628,0.0,0.1,0.25,3.4,5.3,0.635,0.63,1.8,2.2,0.823,1.9,3.5,5.4,1.3,0.3,0.4,1.3,1.4,8.7
94,4,0,1.5,0.3,1.0,0.25,0.3,1.0,0.25,0.0,0.0,,0.375,0.3,0.5,0.5,0.0,0.0,0.0,0.3,0.0,0.0,0.0,0.0,1.0
95,31,15,17.4,2.5,6.0,0.411,1.4,4.0,0.35,1.1,2.0,0.532,0.527,0.9,1.5,0.587,0.6,1.5,2.2,0.7,0.6,0.4,0.8,1.2,7.2
96,35,35,21.0,3.3,4.9,0.673,0.0,0.0,,3.3,4.9,0.673,0.673,0.9,2.1,0.411,2.9,5.0,7.9,0.7,0.7,1.2,0.8,2.3,7.4
97,34,22,19.3,2.0,4.1,0.486,0.9,2.1,0.397,1.1,1.9,0.585,0.591,1.1,1.4,0.75,0.7,1.4,2.1,0.7,0.7,0.2,0.7,1.6,5.9
98,8,0,1.6,0.0,0.1,0.0,0.0,0.0,,0.0,0.1,0.0,0.0,0.0,0.0,,0.4,0.5,0.9,0.1,0.0,0.1,0.0,0.1,0.0
99,30,0,11.1,1.2,3.1,0.38,0.5,1.9,0.268,0.7,1.2,0.556,0.462,0.7,0.9,0.815,0.3,1.4,1.7,0.4,0.3,0.1,0.6,1.0,3.6
100,35,35,29.5,5.8,11.1,0.518,2.3,5.2,0.432,3.5,5.9,0.594,0.619,2.7,3.3,0.835,1.4,3.1,4.5,1.6,1.2,0.4,1.3,1.9,16.5
101,5,0,1.6,0.0,0.0,,0.0,0.0,,0.0,0.0,,,0.0,0.0,,0.2,0.2,0.4,0.0,0.0,0.2,0.2,0.2,0.0
102,36,29,20.3,3.0,6.3,0.473,2.1,4.9,0.429,0.9,1.4,0.627,0.639,1.1,1.6,0.732,0.4,1.9,2.4,1.3,0.9,0.1,0.8,1.9,9.2
103,29,0,7.6,0.5,1.4,0.366,0.4,1.1,0.364,0.1,0.3,0.375,0.512,0.2,0.3,0.75,0.1,0.2,0.3,0.4,0.4,0.1,0.2,1.1,1.7
104,11,0,2.1,0.3,0.5,0.5,0.1,0.3,0.333,0.2,0.3,0.667,0.583,0.0,0.0,,0.1,0.5,0.5,0.0,0.0,0.1,0.1,0.1,0.6
105,31,11,25.0,2.4,6.2,0.38,1.6,4.6,0.354,0.7,1.5,0.458,0.513,0.7,0.9,0.786,1.1,2.5,3.5,0.8,0.6,0.2,0.6,2.1,7.1
106,24,0,6.3,0.6,1.8,0.326,0.3,1.0,0.25,0.3,0.8,0.421,0.395,0.2,0.3,0.5,0.5,1.0,1.5,0.2,0.3,0.2,0.1,1.0,1.6
107,34,22,28.1,3.0,7.4,0.405,1.9,4.6,0.413,1.1,2.9,0.392,0.532,0.7,1.2,0.625,0.6,2.0,2.6,1.6,0.9,0.2,0.7,1.8,8.6
108,29,18,28.5,3.7,9.8,0.379,1.4,4.1,0.333,2.3,5.7,0.412,0.449,1.2,1.7,0.694,0.3,1.6,1.9,2.6,0.9,0.1,1.3,1.8,10.0
109,23,23,24.7,2.8,3.7,0.774,0.0,0.0,0.0,2.8,3.6,0.783,0.774,1.7,2.7,0.645,2.7,3.8,6.4,0.6,0.9,0.8,0.8,2.6,7.4
110,20,12,26.4,2.9,7.5,0.389,1.4,4.3,0.326,1.5,3.2,0.476,0.483,1.7,1.9,0.892,1.1,1.8,2.8,1.2,0.7,0.2,1.1,1.9,8.9
111,18,0,3.3,0.2,0.3,0.5,0.0,0.0,,0.2,0.3,0.5,0.5,0.2,0.3,0.5,0.2,0.2,0.4,0.0,0.1,0.0,0.2,0.4,0.5
112,35,35,31.7,5.8,10.5,0.556,0.6,2.0,0.29,5.3,8.5,0.617,0.583,3.5,4.7,0.75,4.1,6.7,10.8,1.5,1.2,0.9,2.4,3.5,15.7
113,11,0,2.1,0.5,0.9,0.5,0.1,0.3,0.333,0.4,0.6,0.571,0.55,0.1,0.1,1.0,0.3,0.1,0.4,0.1,0.0,0.0,0.1,0.1,1.1
114,35,21,29.4,4.1,10.0,0.414,0.9,2.5,0.352,3.3,7.5,0.435,0.459,2.3,2.9,0.796,0.5,1.6,2.1,4.2,1.0,0.1,2.1,1.5,11.5
115,33,33,32.7,5.0,11.5,0.436,1.6,4.6,0.34,3.5,6.9,0.5,0.504,3.4,4.3,0.782,2.0,3.6,5.6,3.2,2.1,0.6,1.9,2.5,15.0
116,13,0,9.0,1.9,4.9,0.391,0.7,2.8,0.243,1.2,2.1,0.593,0.461,0.4,0.5,0.833,0.4,0.7,1.1,0.2,0.2,0.4,0.2,1.5,4.9
117,33,33,32.8,5.2,10.9,0.476,1.3,3.4,0.375,3.9,7.5,0.522,0.535,1.6,2.4,0.658,2.3,4.5,6.8,2.7,1.3,0.5,2.1,1.6,13.3
118,35,34,34.4,3.5,9.3,0.376,2.3,6.9,0.329,1.2,2.4,0.512,0.498,1.8,2.2,0.831,0.8,4.7,5.5,3.3,1.6,1.5,2.0,2.6,11.1
119,1,0,16.0,3.0,4.0,0.75,0.0,0.0,,3.0,4.0,0.75,0.75,0.0,2.0,0.0,0.0,2.0,2.0,1.0,1.0,1.0,3.0,1.0,6.0
120,33,33,35.9,6.0,11.9,0.5,0.3,0.8,0.36,5.7,11.2,0.509,0.511,3.2,4.5,0.713,2.3,5.8,8.1,4.7,1.0,1.8,2.4,2.8,15.5
121,14,0,1.4,0.2,0.4,0.5,0.0,0.1,0.0,0.2,0.4,0.6,0.5,0.3,0.4,0.667,0.2,0.2,0.4,0.1,0.0,0.0,0.0,0.0,0.7
122,33,10,20.6,2.0,4.1,0.478,0.1,0.7,0.174,1.8,3.4,0.54,0.493,1.8,2.5,0.716,1.0,2.4,3.4,0.8,0.6,0.2,0.8,1.5,5.8
123,13,0,1.8,0.2,0.4,0.4,0.1,0.2,0.5,0.1,0.2,0.333,0.5,0.2,0.2,0.667,0.1,0.1,0.2,0.1,0.0,0.1,0.0,0.1,0.5
124,16,0,4.6,0.3,0.5,0.5,0.2,0.4,0.429,0.1,0.1,1.0,0.688,0.0,0.1,0.0,0.1,0.3,0.4,0.4,0.1,0.1,0.2,0.4,0.7
125,24,1,11.4,1.1,3.8,0.286,0.6,2.6,0.238,0.5,1.2,0.393,0.368,1.0,1.2,0.821,0.1,0.6,0.7,0.5,0.4,0.1,0.5,0.9,3.8
126,35,34,20.3,3.4,6.5,0.524,0.5,1.7,0.317,2.9,4.8,0.599,0.566,1.2,2.1,0.575,2.7,4.1,6.8,0.6,0.4,0.7,1.0,2.2,8.5
127,34,1,17.4,3.0,5.1,0.593,0.1,0.4,0.333,2.9,4.6,0.618,0.608,1.6,2.5,0.628,2.1,2.3,4.4,0.6,0.6,1.0,0.9,2.8,7.7
128,2,0,2.0,1.0,1.5,0.667,0.0,0.5,0.0,1.0,1.0,1.0,0.667,1.0,1.0,1.0,0.5,0.0,0.5,0.0,0.0,0.0,0.0,0.0,3.0
129,31,29,33.7,6.8,16.3,0.417,2.7,7.3,0.373,4.1,9.1,0.452,0.5,2.3,2.6,0.864,0.7,2.4,3.1,2.1,1.0,0.1,2.4,1.3,18.6
130,6,0,1.2,0.0,0.0,,0.0,0.0,,0.0,0.0,,,0.0,0.0,,0.0,0.0,0.0,0.0,0.2,0.0,0.0,0.2,0.0
131,12,0,2.3,0.3,0.8,0.4,0.3,0.7,0.5,0.0,0.2,0.0,0.6,0.2,0.3,0.667,0.0,0.2,0.2,0.2,0.1,0.0,0.3,0.1,1.2
132,34,33,33.5,5.5,11.7,0.47,2.3,5.6,0.407,3.2,6.1,0.526,0.567,3.2,3.7,0.866,0.5,2.5,3.0,2.5,1.4,0.5,2.0,1.9,16.5
133,34,26,23.6,3.1,7.1,0.438,1.2,3.4,0.365,1.9,3.7,0.504,0.525,0.9,1.1,0.806,0.8,2.2,2.9,0.7,0.3,0.2,1.1,1.2,8.3
134,29,1,5.0,0.4,0.8,0.5,0.0,0.0,,0.4,0.8,0.5,0.5,0.4,0.6,0.75,0.5,1.0,1.5,0.2,0.2,0.2,0.3,0.6,1.2
135,7,0,1.0,0.0,0.1,0.0,0.0,0.0,,0.0,0.1,0.0,0.0,0.1,0.3,0.5,0.0,0.0,0.0,0.1,0.0,0.0,0.0,0.0,0.1
136,32,0,11.8,1.5,3.7,0.403,0.4,1.4,0.311,1.1,2.3,0.459,0.462,0.4,0.5,0.765,0.4,1.1,1.5,1.0,0.2,0.1,0.8,1.1,3.8
137,30,9,22.6,1.9,4.7,0.404,0.8,2.6,0.312,1.1,2.1,0.516,0.489,0.8,1.3,0.615,0.4,2.1,2.5,1.9,0.9,0.1,0.5,2.2,5.4
138,34,34,33.4,4.6,9.3,0.495,0.9,2.5,0.341,3.8,6.8,0.552,0.541,2.4,3.2,0.741,3.1,6.3,9.4,2.7,0.8,0.7,1.6,1.9,12.4
139,4,0,1.0,0.0,0.3,0.0,0.0,0.0,,0.0,0.3,0.0,0.0,0.0,0.0,,0.3,0.0,0.3,0.0,0.0,0.0,0.0,0.3,0.0
140,34,34,35.5,4.1,9.1,0.453,1.2,3.4,0.36,2.9,5.8,0.508,0.519,2.2,2.6,0.822,1.0,2.4,3.3,3.1,2.1,0.1,1.5,2.2,11.7
141,32,0,14.0,1.4,3.4,0.404,0.9,2.3,0.373,0.5,1.1,0.471,0.532,0.5,0.5,1.0,0.4,0.8,1.2,0.8,0.6,0.0,0.4,1.1,4.1
142,6,0,1.2,0.2,0.3,0.5,0.2,0.3,0.5,0.0,0.0,,0.75,0.0,0.0,,0.0,0.3,0.3,0.0,0.0,0.0,0.3,0.3,0.5
143,28,0,5.9,0.8,1.5,0.561,0.1,0.3,0.571,0.7,1.2,0.559,0.61,0.5,0.9,0.542,0.7,0.8,1.5,0.1,0.1,0.2,0.4,0.8,2.3
144,34,33,23.6,4.4,8.7,0.507,0.7,1.9,0.375,3.7,6.8,0.543,0.547,1.9,2.7,0.696,2.2,4.1,6.4,1.5,1.0,1.5,1.5,2.9,11.4
145,36,0,14.8,1.7,4.3,0.392,0.9,2.7,0.323,0.8,1.6,0.509,0.493,0.8,0.9,0.906,0.3,1.0,1.3,1.4,0.5,0.0,0.7,1.4,5.0
146,35,9,23.5,1.4,2.7,0.521,0.1,0.4,0.133,1.4,2.3,0.593,0.531,0.8,1.3,0.587,1.1,2.1,3.2,2.2,0.9,0.3,0.7,2.0,3.7
147,7,0,1.7,0.4,0.9,0.5,0.1,0.4,0.333,0.3,0.4,0.667,0.583,0.0,0.0,,0.0,0.0,0.0,0.0,0.1,0.0,0.1,0.3,1.0
148,36,36,31.0,4.0,9.6,0.42,1.9,5.5,0.35,2.1,4.1,0.514,0.52,1.3,1.5,0.87,0.3,2.5,2.9,2.0,0.5,0.3,1.3,1.0,11.3
149,36,29,21.5,3.2,6.4,0.491,0.9,2.7,0.354,2.2,3.8,0.588,0.565,1.8,2.3,0.759,1.3,3.1,4.4,0.8,0.3,0.8,0.9,2.4,9.0
150,36,0,13.6,2.0,4.0,0.5,0.5,1.4,0.373,1.5,2.6,0.57,0.566,0.5,0.8,0.679,0.3,1.3,1.6,0.7,0.2,0.0,0.6,0.8,5.1
151,36,36,28.2,3.4,7.1,0.471,1.9,4.4,0.446,1.4,2.8,0.51,0.607,1.9,2.3,0.852,0.5,2.4,2.9,3.1,0.8,0.1,1.9,2.4,10.6
152,34,4,13.1,1.4,3.3,0.425,0.4,1.3,0.311,1.0,2.0,0.5,0.487,0.8,0.9,0.844,0.5,1.4,1.9,0.9,0.3,0.3,0.7,1.3,4.0
153,8,0,1.8,0.0,0.5,0.0,0.0,0.4,0.0,0.0,0.1,0.0,0.0,0.0,0.0,,0.0,0.1,0.1,0.4,0.0,0.0,0.1,0.1,0.0
154,22,1,7.5,1.0,1.4,0.7,0.0,0.3,0.143,0.9,1.0,0.87,0.717,0.4,0.5,0.818,0.3,1.2,1.5,0.3,0.1,0.1,0.6,1.8,2.4
155,36,36,35.4,6.6,13.3,0.496,1.8,4.9,0.377,4.8,8.5,0.564,0.565,3.9,5.0,0.777,1.5,8.1,9.6,4.4,1.2,0.6,2.6,2.4,18.9
156,32,29,19.3,2.5,4.3,0.596,0.1,0.3,0.3,2.4,3.9,0.619,0.607,1.9,2.7,0.706,1.4,2.2,3.6,0.9,0.5,0.4,1.4,2.7,7.0
157,22,0,11.8,1.4,2.8,0.484,0.7,1.8,0.4,0.6,1.0,0.636,0.613,1.1,1.5,0.727,0.1,1.5,1.6,0.8,0.2,0.2,0.7,0.7,4.5
158,36,1,6.0,1.2,1.8,0.667,0.0,0.0,,1.2,1.8,0.667,0.667,0.4,0.7,0.583,0.5,0.8,1.3,0.1,0.1,0.4,0.3,0.7,2.7
159,36,4,15.8,1.5,3.5,0.433,1.1,2.8,0.384,0.5,0.8,0.607,0.583,0.4,0.5,0.941,0.6,1.6,2.2,0.4,0.2,0.1,0.3,0.9,4.6
160,36,31,21.9,2.7,6.8,0.395,1.9,5.4,0.354,0.8,1.3,0.563,0.537,0.6,0.9,0.656,1.1,3.3,4.4,0.4,0.4,0.1,0.7,1.3,7.8
161,36,36,34.2,4.7,10.4,0.447,1.3,4.3,0.312,3.3,6.2,0.541,0.511,1.4,2.4,0.576,0.7,5.4,6.1,4.4,0.9,0.6,2.4,2.2,12.0
162,36,25,20.3,1.9,3.4,0.557,0.3,1.3,0.267,1.6,2.1,0.727,0.607,0.8,1.2,0.659,1.1,2.1,3.2,1.0,0.3,0.4,0.9,0.9,4.9
163,10,0,1.7,0.2,0.6,0.333,0.0,0.2,0.0,0.2,0.4,0.5,0.333,0.0,0.0,,0.1,0.1,0.2,0.0,0.1,0.0,0.0,0.2,0.4
164,32,4,11.8,0.3,1.4,0.217,0.2,1.3,0.171,0.1,0.2,0.6,0.293,0.3,0.4,0.667,0.4,1.2,1.6,0.5,0.1,0.0,0.3,0.7,1.1
165,8,8,31.6,5.1,12.5,0.41,2.9,7.5,0.383,2.3,5.0,0.45,0.525,3.1,3.6,0.862,0.4,4.4,4.8,3.9,0.5,0.1,2.9,0.8,16.3
166,35,35,34.5,7.7,11.9,0.653,0.6,1.7,0.344,7.1,10.1,0.706,0.678,3.1,4.6,0.681,2.4,6.3,8.7,1.5,0.5,2.7,1.5,1.4,19.2
167,10,0,1.8,0.1,0.5,0.2,0.0,0.0,,0.1,0.5,0.2,0.2,0.1,0.2,0.5,0.0,0.3,0.3,0.2,0.0,0.0,0.2,0.1,0.3
168,24,0,4.2,0.2,0.4,0.556,0.0,0.0,0.0,0.2,0.3,0.625,0.556,0.0,0.0,0.0,0.1,0.3,0.4,0.2,0.0,0.0,0.2,0.4,0.4
169,4,0,6.0,1.5,2.5,0.6,0.0,0.0,,1.5,2.5,0.6,0.6,0.0,0.0,,0.3,1.3,1.5,0.0,0.0,0.0,1.0,0.8,3.0
170,35,35,36.0,4.9,12.5,0.393,3.1,8.4,0.374,1.8,4.1,0.431,0.518,3.4,3.7,0.93,0.3,3.8,4.1,6.8,0.7,0.1,3.4,1.7,16.4
171,28,1,7.1,0.3,0.7,0.368,0.0,0.2,0.0,0.3,0.5,0.538,0.368,0.4,0.6,0.588,0.0,0.8,0.9,0.8,0.1,0.0,0.6,0.7,0.9
172,7,0,7.7,0.6,1.9,0.308,0.3,1.1,0.25,0.3,0.7,0.4,0.385,0.3,0.7,0.4,0.6,0.6,1.1,0.4,0.6,0.1,0.3,1.0,1.7
173,35,35,39.4,6.7,13.4,0.498,1.8,4.6,0.395,4.8,8.7,0.552,0.566,4.1,5.1,0.794,0.6,3.7,4.3,5.7,2.1,0.3,2.0,1.4,19.2
174,35,35,18.8,2.9,4.9,0.578,0.0,0.0,0.0,2.9,4.9,0.581,0.578,1.3,2.7,0.495,2.1,3.2,5.3,0.9,1.3,0.7,1.1,2.6,7.1
175,35,35,33.3,3.2,7.1,0.446,1.5,4.1,0.375,1.6,3.0,0.543,0.554,2.5,3.1,0.791,1.4,1.9,3.3,1.0,1.0,0.7,0.9,2.6,10.4
176,30,0,15.2,1.8,4.1,0.435,0.5,1.5,0.311,1.3,2.6,0.506,0.492,0.4,1.0,0.448,1.0,1.5,2.5,0.8,1.1,0.3,0.6,2.0,4.5
177,34,34,20.1,1.3,3.2,0.417,0.2,0.9,0.194,1.1,2.3,0.506,0.444,1.0,1.6,0.63,0.8,2.6,3.4,1.9,0.9,0.1,1.2,1.4,3.8
178,31,0,12.9,1.5,2.9,0.511,0.1,0.5,0.2,1.4,2.4,0.573,0.528,0.8,1.0,0.8,0.6,1.4,2.0,0.9,0.4,0.1,0.9,0.8,3.8
179,35,35,38.5,2.8,7.3,0.39,2.5,6.2,0.403,0.3,1.1,0.316,0.561,1.3,1.6,0.818,0.1,2.1,2.2,1.3,1.4,0.0,1.1,2.0,9.4
180,32,0,9.2,1.2,1.8,0.661,0.0,0.0,,1.2,1.8,0.661,0.661,0.5,0.9,0.5,0.5,1.0,1.5,0.2,0.3,0.0,0.6,0.8,2.9
181,34,1,20.1,3.4,6.5,0.52,0.1,0.6,0.091,3.3,5.9,0.568,0.525,3.2,4.6,0.705,2.1,3.0,5.0,1.0,0.7,0.4,1.4,2.5,10.1
182,38,7,14.0,1.8,4.4,0.417,0.7,1.9,0.342,1.2,2.5,0.474,0.491,0.6,0.9,0.629,0.4,1.3,1.7,1.4,0.6,0.1,0.8,1.1,4.9
183,13,0,2.3,0.1,0.5,0.167,0.1,0.4,0.2,0.0,0.1,0.0,0.25,0.2,0.3,0.5,0.2,0.2,0.4,0.2,0.0,0.0,0.1,0.1,0.4
184,37,37,30.7,6.5,13.4,0.481,1.4,3.6,0.385,5.1,9.8,0.517,0.533,4.8,5.8,0.84,1.3,6.2,7.5,4.2,1.4,1.4,2.1,1.9,19.2
185,21,0,6.1,0.7,2.0,0.366,0.2,1.0,0.227,0.5,0.9,0.526,0.427,0.4,0.8,0.5,0.4,0.8,1.1,0.3,0.1,0.0,0.0,0.2,2.0
186,36,3,13.8,2.2,5.1,0.432,1.7,4.1,0.416,0.5,0.9,0.5,0.601,0.7,0.9,0.813,0.1,1.0,1.1,0.5,0.2,0.1,0.4,0.9,6.8
187,39,39,21.2,3.5,4.9,0.712,0.1,0.4,0.25,3.4,4.5,0.754,0.723,1.5,2.0,0.766,2.7,3.8,6.6,0.5,0.2,1.3,0.8,2.1,8.6
188,39,39,30.5,4.6,9.7,0.479,2.2,5.3,0.406,2.5,4.4,0.567,0.59,3.0,3.3,0.914,1.0,3.0,4.0,2.7,1.0,0.2,1.4,2.1,14.4
189,26,0,15.8,1.0,1.6,0.659,0.2,0.5,0.333,0.9,1.1,0.793,0.707,0.2,0.6,0.375,1.5,2.1,3.7,1.5,1.3,0.3,0.9,1.8,2.5
190,37,0,14.7,1.4,3.3,0.413,0.9,2.6,0.34,0.5,0.6,0.708,0.55,0.5,0.6,0.826,0.7,1.9,2.6,0.8,0.5,0.0,0.4,1.4,4.1
191,11,0,2.4,0.3,0.5,0.6,0.1,0.3,0.333,0.2,0.2,1.0,0.7,0.0,0.0,,0.1,0.7,0.8,0.2,0.3,0.0,0.1,0.2,0.6
192,30,0,10.5,1.5,2.1,0.719,0.0,0.0,0.0,1.5,2.1,0.73,0.719,0.8,1.1,0.727,1.0,1.7,2.7,0.8,0.4,0.5,0.2,1.7,3.9
193,39,32,25.5,2.9,5.6,0.516,0.8,1.9,0.413,2.1,3.6,0.57,0.588,2.1,2.6,0.81,0.7,3.4,4.2,2.9,0.8,0.3,1.2,2.0,8.6
194,12,0,2.1,0.4,0.9,0.455,0.3,0.4,0.6,0.2,0.5,0.333,0.591,0.0,0.0,,0.1,0.1,0.2,0.3,0.2,0.0,0.2,0.2,1.1
195,3,0,2.3,0.0,0.3,0.0,0.0,0.0,,0.0,0.3,0.0,0.0,0.0,0.0,,0.0,0.3,0.3,0.0,0.0,0.3,0.7,0.3,0.0
196,38,38,29.9,4.3,9.6,0.452,2.3,5.8,0.405,2.0,3.8,0.524,0.574,1.3,2.0,0.68,0.5,2.6,3.0,2.2,0.8,0.1,1.1,1.9,12.4
197,37,35,24.9,3.6,7.4,0.493,0.5,1.6,0.328,3.1,5.8,0.537,0.527,2.8,4.6,0.604,2.8,4.8,7.5,2.2,0.9,1.3,1.4,2.3,10.6
198,38,36,30.4,5.0,11.0,0.452,2.1,5.9,0.35,2.9,5.1,0.573,0.547,2.3,3.1,0.761,1.2,3.3,4.5,2.2,1.5,0.2,1.4,1.4,14.4
199,9,0,1.1,0.2,0.4,0.5,0.0,0.1,0.0,0.2,0.3,0.667,0.5,0.0,0.0,,0.1,0.1,0.2,0.0,0.0,0.0,0.0,0.3,0.4
200,4,0,1.0,0.0,0.0,,0.0,0.0,,0.0,0.0,,,0.0,0.0,,0.3,0.0,0.3,0.0,0.0,0.0,0.0,0.3,0.0
201,39,5,19.8,2.7,6.6,0.418,0.9,2.6,0.35,1.8,3.9,0.464,0.488,1.3,1.8,0.708,0.3,1.4,1.7,1.4,0.5,0.0,1.0,1.5,7.7
202,19,0,3.8,0.7,1.3,0.52,0.2,0.4,0.375,0.5,0.9,0.588,0.58,0.4,0.8,0.438,0.3,0.6,0.9,0.1,0.2,0.1,0.2,0.6,1.9
203,6,0,4.2,0.2,0.8,0.2,0.0,0.2,0.0,0.2,0.7,0.25,0.2,0.3,0.3,1.0,0.5,0.7,1.2,0.3,0.0,0.0,0.0,0.3,0.7
204,3,0,1.0,0.0,0.7,0.0,0.0,0.3,0.0,0.0,0.3,0.0,0.0,0.0,0.0,,0.3,0.0,0.3,0.0,0.0,0.0,0.7,0.3,0.0
205,16,0,13.3,1.3,1.8,0.69,0.0,0.0,,1.3,1.8,0.69,0.69,0.1,0.7,0.182,2.1,2.8,4.9,1.1,0.6,0.6,0.3,2.0,2.6
206,40,40,19.0,2.6,4.3,0.599,0.0,0.0,,2.6,4.3,0.599,0.599,0.8,1.4,0.582,2.3,4.2,6.6,0.7,0.5,0.9,1.0,2.8,6.0
207,24,0,11.9,2.0,4.2,0.465,0.2,0.8,0.2,1.8,3.4,0.531,0.485,0.6,1.1,0.538,1.5,1.9,3.5,0.4,0.3,0.6,0.8,1.6,4.7
208,40,5,24.4,2.9,6.0,0.485,0.9,2.6,0.34,2.0,3.4,0.596,0.559,3.1,3.9,0.794,2.3,3.8,6.1,2.2,0.8,0.8,1.1,2.4,9.8
209,26,0,10.0,1.1,3.1,0.363,0.7,1.9,0.34,0.5,1.2,0.4,0.469,0.3,0.5,0.667,0.1,0.5,0.6,0.8,0.2,0.0,0.5,0.9,3.2
210,4,0,1.5,0.0,0.3,0.0,0.0,0.0,,0.0,0.3,0.0,0.0,0.0,0.0,,0.0,0.5,0.5,0.0,0.3,0.0,0.0,1.0,0.0
211,39,39,32.6,6.0,13.4,0.448,3.0,7.8,0.386,3.0,5.7,0.534,0.56,3.2,3.7,0.875,0.4,3.3,3.7,4.2,1.2,0.5,2.4,1.9,18.3
212,40,40,31.6,4.6,9.5,0.487,2.0,5.6,0.359,2.6,3.9,0.669,0.592,2.0,2.4,0.844,1.1,3.5,4.6,1.9,1.7,0.3,1.6,2.3,13.3
213,33,33,29.0,5.8,10.7,0.543,0.8,2.7,0.292,5.0,8.0,0.627,0.58,3.1,4.1,0.748,3.3,3.5,6.9,0.9,1.0,1.0,1.1,2.4,15.4
214,33,33,27.0,3.2,7.8,0.415,1.4,4.1,0.341,1.8,3.7,0.496,0.504,1.8,2.1,0.841,0.7,3.6,4.2,1.5,1.4,0.1,1.2,1.6,9.6
215,6,0,1.5,0.0,0.5,0.0,0.0,0.3,0.0,0.0,0.2,0.0,0.0,0.0,0.0,,0.0,0.2,0.2,0.0,0.0,0.0,0.2,0.0,0.0
216,32,5,25.2,3.3,7.9,0.415,1.6,4.8,0.333,1.7,3.1,0.54,0.516,1.3,1.6,0.784,0.4,1.7,2.0,1.7,0.7,0.4,1.3,1.6,9.4
217,17,0,15.5,2.2,5.5,0.409,0.4,1.6,0.25,1.8,3.8,0.477,0.446,1.6,2.2,0.711,0.6,1.5,2.1,0.8,1.1,0.2,1.7,1.3,6.5
218,32,8,13.6,1.2,2.6,0.464,0.3,0.8,0.4,0.9,1.8,0.492,0.524,0.4,0.8,0.519,0.8,1.4,2.2,0.6,0.3,0.5,0.7,1.2,3.2
219,7,0,1.3,0.1,0.6,0.25,0.0,0.0,,0.1,0.6,0.25,0.25,0.1,0.1,1.0,0.3,0.0,0.3,0.0,0.1,0.0,0.0,0.3,0.4
220,28,0,9.5,0.9,1.7,0.532,0.0,0.2,0.2,0.9,1.5,0.571,0.543,0.4,0.6,0.611,0.8,1.3,2.1,0.8,0.3,0.8,0.4,0.6,2.2
221,33,33,19.4,2.5,4.7,0.532,0.0,0.3,0.0,2.5,4.4,0.572,0.532,1.3,2.2,0.611,1.3,2.6,3.8,1.0,0.6,0.6,1.5,3.0,6.4
222,8,0,6.9,0.5,1.5,0.333,0.5,1.1,0.444,0.0,0.4,0.0,0.5,1.4,2.1,0.647,0.0,1.1,1.1,0.5,0.4,0.0,0.9,0.4,2.9
223,33,33,31.5,3.9,9.9,0.396,1.8,4.7,0.374,2.2,5.2,0.416,0.485,3.8,4.8,0.804,0.7,3.2,3.9,3.1,1.7,0.2,2.3,2.5,13.5
224,33,0,14.0,1.7,2.8,0.626,0.0,0.0,0.0,1.7,2.7,0.633,0.626,1.2,2.4,0.488,1.2,2.6,3.8,0.5,0.2,1.5,1.1,2.1,4.6
225,30,20,25.5,2.7,6.3,0.423,0.8,2.6,0.316,1.8,3.7,0.5,0.489,2.2,2.8,0.774,0.5,2.7,3.2,2.4,1.1,0.2,1.8,1.2,8.3
226,35,20,19.9,3.3,5.8,0.571,0.5,2.0,0.271,2.8,3.8,0.729,0.618,1.9,2.5,0.791,1.9,3.0,4.9,1.3,0.7,0.4,0.6,1.7,9.1
227,35,4,16.7,4.9,8.5,0.577,0.3,0.9,0.281,4.7,7.6,0.613,0.592,0.9,1.3,0.702,1.3,2.1,3.4,1.1,0.3,0.6,0.5,1.8,11.0
228,34,1,17.5,1.5,3.7,0.4,0.8,2.3,0.342,0.7,1.4,0.5,0.508,0.6,0.7,0.792,0.3,1.8,2.1,0.7,0.6,0.2,0.6,1.4,4.3
229,31,3,12.1,0.6,1.9,0.345,0.3,1.1,0.294,0.3,0.8,0.417,0.431,0.1,0.1,0.5,0.5,1.4,1.9,1.0,0.6,0.2,0.2,1.5,1.7
230,35,33,22.9,6.5,10.9,0.598,0.4,0.9,0.394,6.1,9.9,0.618,0.615,3.9,4.8,0.805,2.1,5.2,7.3,1.4,0.6,0.6,1.6,2.9,17.3
231,10,0,6.6,1.2,1.5,0.8,0.0,0.0,,1.2,1.5,0.8,0.8,1.0,1.2,0.833,0.6,1.2,1.8,0.0,0.5,0.4,0.7,1.7,3.4
232,4,0,2.5,0.5,1.5,0.333,0.3,0.8,0.333,0.3,0.8,0.333,0.417,0.0,0.0,,0.5,0.5,1.0,0.0,0.3,0.0,0.0,0.0,1.3
233,14,1,2.6,0.2,0.7,0.3,0.0,0.1,0.0,0.2,0.6,0.375,0.3,0.1,0.1,1.0,0.1,0.1,0.3,0.2,0.1,0.0,0.2,0.5,0.5
234,14,0,4.1,0.6,1.4,0.474,0.2,0.8,0.273,0.4,0.6,0.75,0.553,0.1,0.4,0.4,0.1,0.4,0.6,0.1,0.1,0.1,0.1,0.8,1.6
235,35,31,26.8,4.2,9.5,0.44,1.7,4.8,0.347,2.5,4.8,0.533,0.527,3.5,3.8,0.932,0.4,3.3,3.7,1.5,1.1,0.1,1.5,2.2,13.6
236,34,13,18.8,2.3,5.1,0.446,0.2,1.3,0.182,2.1,3.9,0.534,0.469,1.7,2.4,0.695,1.7,3.7,5.4,0.8,0.7,0.4,0.7,1.7,6.5
237,3,0,3.0,0.0,0.3,0.0,0.0,0.3,0.0,0.0,0.0,,0.0,0.0,0.0,,0.0,1.0,1.0,0.0,0.0,0.0,0.0,0.7,0.0
238,35,34,29.7,4.0,8.3,0.478,2.2,4.9,0.445,1.8,3.4,0.525,0.61,0.8,0.8,0.931,0.5,1.9,2.4,2.3,1.0,0.3,0.9,1.2,10.9
239,35,35,35.1,3.8,8.5,0.446,1.1,2.7,0.404,2.7,5.8,0.465,0.51,1.9,2.5,0.77,0.3,2.7,3.0,9.8,1.7,0.1,2.5,1.6,10.5
240,20,0,4.1,0.4,0.8,0.5,0.0,0.3,0.0,0.4,0.5,0.8,0.5,0.2,0.2,0.75,0.4,0.4,0.8,0.2,0.1,0.2,0.1,0.5,1.0
241,32,3,16.9,2.1,4.4,0.479,0.8,1.9,0.426,1.3,2.5,0.519,0.571,1.1,1.7,0.679,0.8,1.6,2.5,0.9,0.5,0.1,1.0,1.4,6.1
242,33,28,25.5,2.4,5.6,0.432,1.0,2.8,0.362,1.4,2.8,0.505,0.524,1.7,2.4,0.713,0.7,2.6,3.4,2.0,1.8,0.9,1.5,2.5,7.6
243,30,30,26.6,4.1,6.3,0.646,0.0,0.0,0.0,4.1,6.3,0.649,0.646,2.3,3.5,0.654,3.4,5.8,9.2,0.5,0.8,0.4,1.2,2.5,10.4
244,34,34,28.4,5.4,10.6,0.515,0.8,2.7,0.293,4.6,7.9,0.592,0.553,2.8,3.6,0.77,1.2,4.5,5.7,2.1,1.1,0.9,1.6,2.5,14.4
245,12,0,1.8,0.2,0.5,0.333,0.1,0.3,0.333,0.1,0.3,0.333,0.417,0.0,0.2,0.0,0.0,0.0,0.0,0.0,0.0,0.0,0.0,0.0,0.4
246,34,4,21.7,2.8,6.4,0.44,1.1,3.0,0.356,1.7,3.4,0.513,0.523,1.3,1.8,0.733,1.4,2.4,3.8,0.7,1.1,1.2,1.0,2.1,7.9
247,34,20,24.3,2.4,6.5,0.367,0.7,2.7,0.25,1.7,3.8,0.45,0.419,2.7,3.6,0.769,0.7,1.6,2.3,2.4,1.2,0.2,2.1,2.8,8.2
248,34,34,31.6,3.7,9.2,0.401,1.1,3.5,0.331,2.5,5.7,0.443,0.463,3.0,3.4,0.878,0.6,2.1,2.7,2.9,1.1,0.2,1.7,1.7,11.5
249,5,0,5.6,1.2,2.0,0.6,0.2,0.4,0.5,1.0,1.6,0.625,0.65,0.0,0.4,0.0,0.6,0.8,1.4,0.0,0.2,0.2,0.6,0.8,2.6
250,20,0,7.9,0.7,1.6,0.452,0.1,0.4,0.143,0.7,1.2,0.542,0.468,0.6,1.0,0.6,0.3,1.0,1.2,1.1,0.8,0.0,0.7,1.0,2.1
251,11,0,3.5,0.3,0.6,0.429,0.0,0.1,0.0,0.3,0.5,0.5,0.429,0.3,0.5,0.6,0.3,0.3,0.5,0.2,0.1,0.1,0.0,0.1,0.8
252,26,17,27.5,4.5,11.4,0.399,0.9,3.8,0.232,3.7,7.6,0.482,0.438,4.9,7.1,0.686,1.0,4.8,5.9,2.1,1.7,1.5,2.7,1.8,14.8
253,35,4,13.9,2.2,4.5,0.497,0.7,2.1,0.333,1.5,2.3,0.646,0.576,0.8,1.0,0.829,0.1,1.1,1.3,0.4,0.3,0.0,0.6,0.7,6.0
254,9,0,2.0,0.6,0.8,0.714,0.0,0.2,0.0,0.6,0.6,1.0,0.714,0.1,0.2,0.5,0.1,0.3,0.4,0.1,0.1,0.0,0.0,0.4,1.2
255,9,0,1.7,0.2,0.6,0.4,0.1,0.1,1.0,0.1,0.4,0.25,0.5,0.0,0.0,,0.1,0.1,0.2,0.0,0.0,0.0,0.0,0.0,0.6
256,30,0,21.5,3.5,6.1,0.582,0.3,0.7,0.4,3.3,5.4,0.605,0.604,1.4,1.7,0.86,0.4,2.1,2.5,3.4,1.0,0.0,1.3,1.6,8.8
257,7,0,8.1,0.7,1.6,0.455,0.6,1.1,0.5,0.1,0.4,0.333,0.636,0.6,0.7,0.8,0.0,0.3,0.3,0.6,0.0,0.3,0.4,1.0,2.6
258,35,34,22.0,2.4,5.6,0.426,2.0,4.8,0.425,0.4,0.9,0.433,0.607,0.1,0.1,0.5,0.2,1.6,1.8,1.0,1.1,0.0,0.5,1.5,6.9
259,32,32,26.7,4.5,9.5,0.472,1.4,3.5,0.405,3.1,6.0,0.51,0.546,3.1,3.8,0.82,0.8,2.5,3.3,2.3,0.8,0.1,1.3,1.8,13.5
260,5,0,4.4,0.8,1.6,0.5,0.2,0.6,0.333,0.6,1.0,0.6,0.563,0.0,0.0,,0.0,0.4,0.4,0.2,0.4,0.0,0.0,0.2,1.8
261,5,0,6.0,1.2,1.6,0.75,0.0,0.0,,1.2,1.6,0.75,0.75,0.2,0.2,1.0,0.6,1.2,1.8,0.2,0.0,0.8,0.6,0.8,2.6
262,25,0,9.5,1.3,2.3,0.579,0.0,0.2,0.167,1.3,2.0,0.627,0.588,0.4,0.6,0.733,0.8,1.9,2.7,0.4,0.3,0.5,0.3,1.6,3.1
263,35,35,21.7,2.1,3.3,0.643,0.0,0.0,,2.1,3.3,0.643,0.643,1.1,2.1,0.534,3.1,5.2,8.4,0.2,0.6,1.4,0.7,2.3,5.3
264,34,34,28.1,4.4,10.0,0.44,1.2,3.8,0.313,3.2,6.2,0.517,0.499,4.7,5.5,0.851,0.4,2.1,2.5,2.5,0.4,0.0,1.7,2.0,14.6
265,35,35,24.2,4.5,8.7,0.52,0.8,2.5,0.322,3.7,6.3,0.598,0.565,3.2,4.4,0.723,1.9,2.7,4.6,2.2,1.0,0.4,1.8,2.9,13.1
266,9,0,3.1,0.4,1.0,0.444,0.1,0.2,0.5,0.3,0.8,0.429,0.5,0.4,0.8,0.571,0.3,0.4,0.8,0.0,0.1,0.0,0.0,0.8,1.4
267,25,0,13.4,1.9,4.1,0.466,0.8,2.2,0.339,1.2,1.9,0.617,0.558,0.9,1.2,0.742,0.8,2.2,3.0,0.4,0.2,0.2,1.0,2.4,5.5
268,26,0,13.2,1.7,3.2,0.536,0.3,0.8,0.35,1.5,2.5,0.594,0.577,0.8,1.4,0.583,1.1,1.7,2.8,0.9,0.5,0.1,0.8,0.8,4.5
269,13,0,6.7,0.6,2.0,0.308,0.2,1.0,0.154,0.5,1.0,0.462,0.346,0.2,0.2,1.0,0.0,0.5,0.5,0.4,0.2,0.0,0.8,0.6,1.5
270,35,1,15.3,1.3,3.3,0.412,1.1,2.8,0.374,0.3,0.4,0.667,0.575,0.5,0.6,0.8,0.7,1.7,2.5,0.3,0.3,0.1,0.3,1.4,4.2
271,20,0,5.6,0.3,0.6,0.455,0.0,0.0,,0.3,0.6,0.455,0.455,0.2,0.6,0.273,1.0,0.3,1.3,0.1,0.1,0.3,0.2,1.0,0.7
272,37,36,27.3,3.7,8.9,0.418,2.4,5.8,0.407,1.4,3.1,0.44,0.55,2.8,3.3,0.868,0.5,2.5,3.0,0.8,1.4,0.0,0.8,2.3,12.6
273,37,37,30.3,4.4,9.1,0.49,0.0,0.0,,4.4,9.1,0.49,0.49,1.8,2.8,0.625,2.6,3.9,6.5,1.8,1.0,0.7,1.6,1.9,10.6
274,38,7,15.7,1.9,3.2,0.608,0.0,0.0,0.0,1.9,3.1,0.613,0.608,1.3,1.8,0.721,1.9,2.4,4.4,0.2,0.4,1.0,0.9,2.2,5.1
275,40,33,21.7,2.3,4.3,0.523,0.1,0.3,0.273,2.2,4.0,0.54,0.532,0.9,1.6,0.538,2.7,3.2,5.9,0.9,1.0,1.9,1.0,3.1,5.5
276,16,0,3.7,0.4,1.3,0.333,0.1,0.8,0.154,0.3,0.5,0.625,0.381,0.0,0.1,0.0,0.0,0.2,0.2,0.0,0.1,0.1,0.2,0.6,1.0
277,40,40,32.7,5.2,12.5,0.411,3.1,7.3,0.424,2.1,5.3,0.393,0.534,2.4,2.6,0.895,0.4,2.0,2.4,2.0,0.9,0.1,1.1,1.4,15.7
278,22,0,8.6,0.7,2.9,0.254,0.2,1.3,0.179,0.5,1.6,0.314,0.294,1.0,1.5,0.719,0.5,1.5,1.9,0.4,0.3,0.1,0.4,0.9,2.7
279,40,40,31.5,4.3,9.6,0.453,1.6,3.6,0.428,2.8,5.9,0.468,0.534,1.2,1.5,0.783,0.4,2.7,3.1,4.3,0.9,0.1,1.4,2.0,11.4
280,40,1,17.5,2.4,5.4,0.435,0.4,1.0,0.359,2.0,4.4,0.452,0.468,0.6,0.8,0.71,1.1,2.9,4.0,1.4,1.2,0.3,0.8,1.4,5.6
281,8,0,11.5,0.8,1.5,0.5,0.3,0.5,0.5,0.5,1.0,0.5,0.583,0.3,0.4,0.667,0.8,1.6,2.4,0.0,0.3,0.3,0.1,0.6,2.0
282,40,6,20.3,2.5,5.5,0.443,0.7,2.1,0.337,1.8,3.5,0.507,0.507,0.9,1.2,0.729,1.0,1.8,2.7,0.7,0.9,0.3,0.7,1.2,6.5
283,14,0,2.0,0.1,0.4,0.2,0.0,0.0,,0.1,0.4,0.2,0.2,0.1,0.4,0.167,0.1,0.4,0.6,0.1,0.1,0.1,0.1,0.1,0.2
284,35,26,25.9,2.6,6.9,0.375,1.8,5.2,0.343,0.8,1.7,0.475,0.504,0.7,1.0,0.706,1.2,2.7,3.8,0.9,0.5,0.7,0.5,1.5,7.6
285,21,0,5.1,0.4,1.6,0.273,0.3,1.2,0.24,0.1,0.4,0.375,0.364,0.1,0.2,0.5,0.1,0.9,1.0,0.0,0.0,0.2,0.3,0.5,1.2
286,35,2,14.9,2.2,5.0,0.443,0.7,2.8,0.255,1.5,2.2,0.684,0.514,0.8,1.0,0.806,0.7,0.8,1.6,0.5,0.3,0.1,0.7,1.6,5.9
287,32,1,9.4,1.1,2.7,0.412,0.7,2.0,0.344,0.4,0.7,0.619,0.541,0.1,0.2,0.5,0.5,0.9,1.4,0.3,0.0,0.2,0.3,1.2,3.0
288,33,33,31.8,4.5,10.3,0.44,1.6,5.2,0.318,2.9,5.1,0.562,0.519,4.3,5.1,0.845,1.4,4.3,5.7,4.7,0.9,0.3,3.7,2.7,15.0
289,13,0,1.7,0.2,0.5,0.333,0.1,0.4,0.2,0.1,0.1,1.0,0.417,0.0,0.0,,0.0,0.2,0.2,0.1,0.0,0.0,0.0,0.1,0.4
290,35,34,31.0,4.0,9.4,0.427,1.0,4.1,0.245,3.0,5.3,0.567,0.48,3.2,4.1,0.79,1.3,3.5,4.8,3.4,1.1,0.3,2.1,1.8,12.3
291,30,8,17.6,2.6,4.0,0.642,0.0,0.0,,2.6,4.0,0.642,0.642,1.8,3.0,0.618,2.7,3.9,6.7,0.3,0.4,1.1,0.8,2.5,7.0
292,32,31,26.8,4.9,9.9,0.492,1.7,4.8,0.357,3.2,5.1,0.62,0.579,1.5,2.0,0.75,1.8,5.9,7.7,2.3,0.6,1.2,1.6,2.4,13.0
293,32,31,23.3,3.6,7.0,0.507,0.7,2.2,0.329,2.8,4.8,0.587,0.558,2.6,3.2,0.824,1.4,4.0,5.5,0.8,0.4,0.4,1.0,2.0,10.5
294,35,9,25.7,4.4,10.3,0.432,1.3,4.1,0.326,3.1,6.1,0.502,0.497,2.4,3.3,0.724,1.2,2.9,4.1,2.2,0.3,0.3,1.2,1.2,12.6
295,35,2,14.4,1.6,2.5,0.618,0.0,0.1,0.0,1.6,2.5,0.632,0.618,0.7,1.0,0.706,1.7,1.4,3.1,0.3,0.3,0.5,0.5,2.1,3.8
296,15,0,5.4,0.3,0.7,0.364,0.1,0.4,0.333,0.1,0.3,0.4,0.455,0.0,0.1,0.0,0.1,0.1,0.3,0.7,0.4,0.0,0.3,0.8,0.7
297,2,0,1.0,0.0,0.5,0.0,0.0,0.0,,0.0,0.5,0.0,0.0,0.0,0.0,,0.0,0.0,0.0,0.0,0.0,0.0,0.0,0.0,0.0
298,34,9,30.5,5.8,13.5,0.43,2.6,6.9,0.374,3.2,6.6,0.489,0.526,3.2,3.8,0.845,0.4,3.8,4.2,2.3,1.1,0.2,1.4,1.6,17.4
299,18,0,8.8,0.5,1.4,0.36,0.2,0.6,0.273,0.3,0.8,0.429,0.42,0.7,0.8,0.8,0.8,1.4,2.3,0.2,0.3,0.6,0.3,1.0,1.8
300,35,33,18.7,2.9,5.0,0.58,0.0,0.0,0.0,2.9,4.9,0.584,0.58,2.7,3.8,0.72,2.0,3.1,5.1,0.6,0.5,1.1,1.1,2.6,8.5
301,9,0,2.3,0.3,0.6,0.6,0.0,0.0,,0.3,0.6,0.6,0.6,0.0,0.0,,0.3,0.3,0.7,0.0,0.0,0.1,0.1,0.1,0.7
302,35,35,29.6,4.5,8.7,0.52,0.5,1.7,0.31,4.0,7.1,0.569,0.549,3.4,4.5,0.756,1.9,5.5,7.4,3.1,2.1,0.7,2.3,2.2,13.0
303,9,0,2.3,0.2,0.6,0.4,0.0,0.0,,0.2,0.6,0.4,0.4,0.2,0.3,0.667,0.1,0.2,0.3,0.0,0.1,0.1,0.3,0.1,0.7
304,29,28,31.6,4.8,9.8,0.484,0.9,2.7,0.333,3.9,7.1,0.541,0.53,3.0,4.1,0.729,0.6,2.9,3.5,4.1,1.7,0.1,3.2,1.7,13.4
305,28,27,27.5,4.0,9.3,0.429,2.3,5.7,0.396,1.7,3.6,0.48,0.55,1.3,1.5,0.837,0.4,2.9,3.3,0.9,0.4,0.3,0.9,1.7,11.5
306,35,7,21.7,2.0,3.7,0.531,0.8,1.9,0.409,1.2,1.8,0.656,0.635,0.4,0.7,0.609,0.7,2.6,3.2,1.0,1.3,0.1,0.8,2.0,5.1
307,15,0,5.7,0.7,2.0,0.333,0.1,0.9,0.143,0.5,1.1,0.5,0.367,0.6,1.1,0.529,0.0,0.4,0.4,0.3,0.1,0.0,0.4,0.9,2.1
308,34,34,31.0,3.6,7.5,0.484,1.1,3.5,0.331,2.5,4.1,0.616,0.561,2.2,2.9,0.758,0.9,1.7,2.6,3.1,2.0,0.2,1.6,1.7,10.6
309,34,4,15.7,2.2,5.8,0.384,0.7,2.3,0.291,1.6,3.5,0.445,0.442,0.9,1.4,0.681,0.4,1.3,1.7,0.7,0.3,0.1,0.9,1.6,6.1
310,33,33,32.4,3.6,8.2,0.439,0.8,2.5,0.321,2.8,5.7,0.492,0.489,1.1,1.5,0.725,0.6,2.4,3.0,5.7,1.4,0.4,1.8,1.5,9.2
311,34,3,15.5,1.7,4.6,0.378,1.4,3.5,0.387,0.4,1.1,0.351,0.526,0.3,0.4,0.75,0.1,1.4,1.5,1.3,0.5,0.0,0.5,0.9,5.1
312,5,0,2.8,0.6,0.6,1.0,0.0,0.0,,0.6,0.6,1.0,1.0,0.0,0.0,,0.2,0.2,0.4,0.0,0.2,0.0,0.2,0.2,1.2
313,34,6,16.3,2.6,3.7,0.698,0.0,0.0,,2.6,3.7,0.698,0.698,0.7,1.3,0.533,1.8,3.6,5.4,0.3,0.6,1.6,0.8,2.2,5.9
314,34,34,30.1,7.1,13.5,0.526,0.5,1.7,0.276,6.6,11.8,0.562,0.543,2.7,3.6,0.748,2.8,7.2,10.0,2.1,1.0,1.3,2.2,2.2,17.4
315,4,0,2.0,0.5,0.5,1.0,0.0,0.0,,0.5,0.5,1.0,1.0,0.0,0.0,,0.0,0.5,0.5,0.3,0.3,0.5,0.0,0.3,1.0
316,31,29,30.0,3.7,6.9,0.54,0.0,0.0,,3.7,6.9,0.54,0.54,1.9,2.6,0.725,2.3,2.7,5.0,2.5,0.9,0.8,1.0,2.5,9.4
317,5,0,2.4,0.0,1.2,0.0,0.0,1.2,0.0,0.0,0.0,,0.0,0.0,0.0,,0.0,0.2,0.2,0.2,0.0,0.0,0.2,0.4,0.0
318,23,0,5.0,0.3,0.9,0.286,0.1,0.4,0.222,0.2,0.5,0.333,0.333,0.1,0.3,0.429,0.2,0.4,0.6,0.3,0.2,0.0,0.6,0.6,0.7
319,33,20,20.2,2.1,5.7,0.372,1.2,3.7,0.336,0.9,2.0,0.439,0.481,0.8,1.2,0.675,0.5,1.6,2.1,1.4,0.3,0.3,0.9,1.5,6.3
320,20,9,13.9,1.4,2.9,0.474,0.4,1.1,0.333,1.0,1.8,0.556,0.535,0.6,0.9,0.647,0.3,1.4,1.7,1.4,0.6,0.2,1.0,0.7,3.6
321,6,0,2.5,0.7,0.8,0.8,0.3,0.5,0.667,0.3,0.3,1.0,1.0,0.0,0.0,,0.0,0.3,0.3,0.0,0.2,0.0,0.0,0.3,1.7
322,3,0,2.0,0.0,0.0,,0.0,0.0,,0.0,0.0,,,0.0,0.0,,0.0,0.3,0.3,0.3,0.0,0.0,0.0,0.0,0.0
323,8,0,5.3,0.5,1.1,0.444,0.0,0.3,0.0,0.5,0.9,0.571,0.444,0.4,0.6,0.6,0.8,0.6,1.4,0.4,0.6,0.1,0.4,1.0,1.4
324,34,32,31.7,4.9,11.1,0.447,2.6,6.2,0.422,2.3,4.9,0.479,0.565,2.1,2.5,0.833,0.3,4.5,4.8,2.9,0.7,0.1,2.5,1.1,14.6
325,36,36,22.8,3.8,6.8,0.561,0.0,0.1,0.25,3.8,6.7,0.566,0.563,3.2,5.1,0.623,2.1,6.4,8.5,3.2,0.6,1.2,2.3,2.2,10.9
326,35,29,24.0,3.7,6.8,0.544,0.7,2.0,0.324,3.0,4.7,0.639,0.593,2.3,3.1,0.748,1.4,3.3,4.7,1.7,0.7,0.7,0.9,2.0,10.3
327,36,7,14.2,1.7,3.4,0.504,1.1,2.6,0.424,0.6,0.8,0.759,0.665,0.8,0.9,0.906,0.6,1.0,1.6,0.5,0.2,0.1,0.2,1.1,5.3
328,35,0,17.3,2.4,4.8,0.509,0.3,1.1,0.3,2.1,3.6,0.575,0.545,0.7,1.2,0.535,1.1,2.7,3.9,1.9,0.9,0.6,1.2,2.0,5.9
329,30,0,10.4,0.9,2.4,0.361,0.6,1.6,0.347,0.3,0.8,0.391,0.479,0.4,0.5,0.867,0.2,0.8,1.0,0.7,0.7,0.1,0.9,1.3,2.7
330,2,0,0.5,0.0,0.0,,0.0,0.0,,0.0,0.0,,,0.0,0.0,,0.0,0.0,0.0,0.0,0.0,0.0,0.0,0.0,0.0
331,24,24,28.1,4.6,10.7,0.432,2.6,6.9,0.376,2.0,3.8,0.533,0.553,1.2,1.6,0.763,0.6,2.9,3.5,1.7,0.6,0.5,0.9,1.9,13.0
332,9,1,17.4,1.3,4.8,0.279,1.1,4.2,0.263,0.2,0.6,0.4,0.395,0.7,0.8,0.857,0.7,1.8,2.4,3.8,0.4,0.2,1.0,1.1,4.4
333,36,16,28.1,4.1,8.7,0.47,2.6,5.9,0.435,1.5,2.8,0.545,0.618,0.9,1.0,0.914,0.3,2.9,3.2,1.3,0.5,0.3,0.5,1.3,11.6
334,27,27,26.0,3.9,7.7,0.498,1.0,2.6,0.391,2.9,5.2,0.55,0.562,2.7,3.6,0.735,0.8,2.0,2.9,4.3,1.6,0.2,2.0,2.5,11.4
335,36,36,28.3,5.7,11.5,0.492,0.8,2.1,0.355,4.9,9.4,0.522,0.524,4.1,5.3,0.776,1.0,3.7,4.7,1.7,1.6,0.5,1.5,2.6,16.2
336,31,4,9.7,0.8,2.6,0.313,0.6,1.8,0.321,0.2,0.8,0.292,0.425,0.5,0.6,0.8,0.3,0.6,0.8,0.6,0.4,0.0,0.7,0.9,2.7
337,24,0,11.1,1.0,2.1,0.451,0.5,1.5,0.333,0.5,0.6,0.733,0.569,0.3,0.3,0.75,0.7,1.2,1.9,0.4,0.1,0.0,0.4,1.1,2.7
338,5,0,0.8,0.0,0.0,,0.0,0.0,,0.0,0.0,,,0.0,0.0,,0.0,0.0,0.0,0.2,0.0,0.0,0.0,0.0,0.0
339,2,0,0.5,0.0,0.0,,0.0,0.0,,0.0,0.0,,,0.0,0.0,,0.0,0.0,0.0,0.0,0.0,0.0,0.0,0.0,0.0
340,27,0,6.8,1.3,2.8,0.461,0.9,1.9,0.442,0.4,0.9,0.5,0.612,0.8,0.9,0.917,0.1,0.5,0.6,0.4,0.0,0.0,0.4,0.2,4.3
341,13,0,4.5,0.5,0.8,0.7,0.2,0.3,0.75,0.3,0.5,0.667,0.85,0.0,0.0,,0.2,0.8,1.1,0.2,0.0,0.2,0.2,0.5,1.3
342,35,35,31.8,3.2,6.5,0.491,1.5,3.6,0.429,1.6,2.9,0.57,0.611,1.2,1.7,0.741,0.2,1.9,2.2,4.3,1.5,0.1,1.5,1.8,9.1
343,15,0,5.8,0.9,1.9,0.464,0.3,0.9,0.308,0.6,1.0,0.6,0.536,0.5,0.6,0.778,0.5,0.8,1.3,0.1,0.3,0.0,0.2,0.6,2.5
344,32,0,7.8,0.3,1.4,0.227,0.3,1.3,0.225,0.0,0.1,0.25,0.33,0.0,0.1,0.25,0.1,0.8,0.9,0.4,0.3,0.1,0.2,0.8,0.9
345,11,4,18.0,4.0,7.2,0.557,1.3,3.3,0.389,2.7,3.9,0.698,0.646,1.1,1.6,0.667,1.3,3.0,4.3,0.5,0.9,0.3,0.6,1.0,10.4
346,9,0,4.8,0.2,0.9,0.25,0.0,0.4,0.0,0.2,0.4,0.5,0.25,0.0,0.0,,0.2,0.6,0.8,0.3,0.1,0.0,0.1,0.1,0.4
347,35,33,28.7,3.4,7.2,0.47,1.3,3.9,0.324,2.1,3.3,0.641,0.557,0.7,1.2,0.561,0.7,3.6,4.3,1.5,0.9,0.5,1.1,1.4,8.7
348,34,34,32.0,4.5,10.8,0.42,3.0,7.8,0.383,1.5,3.0,0.515,0.559,1.3,1.6,0.782,0.2,2.8,2.9,2.0,0.8,0.0,1.4,1.1,13.3
349,15,0,3.1,0.3,0.6,0.556,0.0,0.0,,0.3,0.6,0.556,0.556,0.9,1.4,0.619,0.3,0.7,1.1,0.0,0.1,0.0,0.2,0.6,1.5
350,35,35,24.6,3.4,5.8,0.583,0.1,0.6,0.238,3.3,5.2,0.623,0.596,1.7,2.6,0.641,1.5,4.0,5.5,2.1,0.8,1.1,1.5,2.5,8.6
351,35,2,22.7,4.8,8.3,0.578,2.2,4.9,0.453,2.6,3.4,0.756,0.711,1.9,2.5,0.773,0.3,3.7,4.0,1.0,0.9,0.1,0.6,2.0,13.7
352,4,0,2.8,0.3,1.0,0.25,0.0,0.0,,0.3,1.0,0.25,0.25,0.0,0.5,0.0,0.5,0.5,1.0,0.0,0.0,0.0,0.3,0.8,0.5
353,32,32,32.1,4.2,8.7,0.487,0.1,0.5,0.188,4.1,8.2,0.506,0.493,2.4,4.5,0.542,1.5,4.7,6.3,5.1,0.7,1.0,2.6,1.8,11.0
354,32,0,8.2,1.1,2.7,0.424,0.9,2.3,0.392,0.2,0.3,0.636,0.594,0.1,0.3,0.333,0.3,1.0,1.2,0.3,0.2,0.0,0.2,1.0,3.3
355,35,17,16.3,2.1,4.9,0.439,0.9,2.9,0.33,1.2,2.0,0.592,0.535,0.3,0.4,0.846,0.5,1.4,1.9,1.6,0.4,0.5,0.9,1.7,5.5
356,15,13,17.5,4.1,6.8,0.608,0.0,0.5,0.0,4.1,6.3,0.66,0.608,2.2,3.1,0.702,1.8,3.5,5.3,2.0,0.5,1.7,1.4,1.8,10.5
357,29,5,14.5,1.2,2.9,0.417,0.3,1.4,0.22,0.9,1.5,0.605,0.47,0.7,1.1,0.576,0.8,1.5,2.3,1.0,0.4,0.4,0.9,1.7,3.4
358,35,35,31.4,3.9,9.4,0.413,2.2,5.9,0.377,1.7,3.5,0.475,0.532,1.6,1.7,0.932,0.7,2.9,3.5,1.5,1.0,0.1,0.9,1.2,11.6
359,15,0,2.2,0.3,0.6,0.444,0.0,0.1,0.0,0.3,0.5,0.571,0.444,0.0,0.0,,0.1,0.1,0.1,0.1,0.0,0.0,0.0,0.2,0.5
360,35,35,33.7,6.9,12.0,0.575,1.4,3.5,0.402,5.5,8.5,0.645,0.633,4.8,6.0,0.8,1.8,6.2,8.0,1.4,0.3,0.4,1.8,1.5,20.0
361,35,35,32.3,4.4,9.4,0.466,2.2,5.6,0.398,2.1,3.8,0.568,0.585,1.2,1.5,0.811,0.1,3.5,3.6,3.9,2.3,0.2,1.5,1.1,12.2
362,29,0,8.4,0.6,1.6,0.391,0.3,0.8,0.391,0.3,0.8,0.391,0.489,0.8,0.9,0.815,0.2,1.3,1.6,0.6,0.4,0.0,0.5,0.6,2.3
363,33,0,6.8,0.4,1.2,0.293,0.2,0.5,0.294,0.2,0.7,0.292,0.354,0.6,0.8,0.76,0.4,0.7,1.1,0.8,0.5,0.0,0.5,0.9,1.5
364,10,0,1.8,0.1,0.3,0.333,0.0,0.1,0.0,0.1,0.2,0.5,0.333,0.4,0.4,1.0,0.1,0.1,0.2,0.1,0.2,0.0,0.2,0.2,0.6
365,35,0,13.4,1.0,2.7,0.358,0.7,2.1,0.329,0.3,0.6,0.455,0.484,0.4,0.5,0.722,0.5,1.6,2.1,0.5,0.5,0.3,0.3,1.5,3.0
366,21,0,5.2,0.8,1.9,0.436,0.4,1.2,0.346,0.4,0.6,0.615,0.551,0.2,0.2,1.0,0.2,0.7,0.9,0.1,0.2,0.1,0.1,0.4,2.2
367,22,0,5.2,0.5,1.3,0.429,0.0,0.2,0.25,0.5,1.1,0.458,0.446,0.0,0.2,0.25,0.2,1.0,1.2,0.6,0.1,0.1,0.2,0.2,1.2
368,35,35,32.3,4.4,9.5,0.461,1.4,4.1,0.343,3.0,5.5,0.55,0.534,2.9,3.5,0.813,1.1,4.8,5.8,2.7,0.8,0.3,1.3,1.5,13.1
369,11,0,1.9,0.3,0.5,0.6,0.0,0.1,0.0,0.3,0.4,0.75,0.6,0.0,0.0,,0.1,0.2,0.3,0.1,0.0,0.0,0.0,0.2,0.5
370,25,2,13.6,1.8,3.5,0.529,0.0,0.2,0.167,1.8,3.2,0.556,0.534,0.9,1.4,0.676,1.5,2.8,4.3,0.6,0.5,0.4,1.2,1.9,4.6
371,10,0,0.9,0.0,0.0,,0.0,0.0,,0.0,0.0,,,0.1,0.2,0.5,0.0,0.0,0.0,0.0,0.1,0.0,0.0,0.1,0.1
372,34,34,34.8,4.9,11.3,0.432,1.9,5.6,0.328,3.0,5.6,0.536,0.514,4.8,5.6,0.844,0.5,2.9,3.5,5.8,2.4,0.1,3.0,2.7,16.4
373,10,0,1.0,0.1,0.3,0.333,0.1,0.3,0.333,0.0,0.0,,0.5,0.0,0.0,,0.0,0.1,0.1,0.0,0.0,0.0,0.0,0.4,0.3
374,23,0,3.7,0.1,0.3,0.25,0.0,0.0,0.0,0.1,0.3,0.286,0.25,0.2,0.3,0.667,0.3,0.6,0.9,0.1,0.0,0.2,0.0,0.7,0.3
375,35,35,33.1,4.4,8.5,0.518,0.9,2.4,0.381,3.5,6.1,0.572,0.572,2.4,3.1,0.771,2.2,5.1,7.3,1.8,0.7,0.2,1.6,1.9,12.2
376,35,31,23.6,3.1,4.1,0.755,0.0,0.2,0.167,3.1,3.9,0.781,0.759,0.9,2.0,0.435,2.1,4.0,6.1,1.4,0.6,0.9,1.0,2.5,7.1
377,7,3,23.3,3.6,9.7,0.368,0.7,4.7,0.152,2.9,5.0,0.571,0.404,4.1,4.7,0.879,1.3,4.9,6.1,2.1,1.6,1.1,2.1,2.0,12.0
378,35,0,13.4,1.2,3.1,0.393,0.3,1.5,0.231,0.9,1.6,0.545,0.449,0.5,1.0,0.559,1.0,2.1,3.0,0.3,0.4,0.3,0.5,0.8,3.3
379,2,0,19.5,1.5,5.5,0.273,0.0,2.0,0.0,1.5,3.5,0.429,0.273,0.0,0.0,,0.5,1.0,1.5,2.5,1.5,0.0,0.5,3.0,3.0
380,31,20,20.5,2.2,6.0,0.369,1.3,4.3,0.293,1.0,1.7,0.556,0.473,0.4,1.0,0.419,1.2,2.5,3.7,0.4,0.2,0.4,0.7,2.6,6.1
381,9,0,1.1,0.0,0.2,0.0,0.0,0.0,,0.0,0.2,0.0,0.0,0.3,0.4,0.75,0.0,0.0,0.0,0.0,0.1,0.0,0.3,0.1,0.3
382,31,18,30.4,4.0,10.2,0.391,3.5,9.1,0.379,0.5,1.1,0.486,0.56,1.6,1.7,0.944,0.5,2.3,2.8,0.8,0.6,0.1,0.6,1.5,13.1
383,9,0,0.9,0.0,0.1,0.0,0.0,0.0,,0.0,0.1,0.0,0.0,0.0,0.0,,0.0,0.1,0.1,0.0,0.0,0.0,0.0,0.0,0.0
384,35,32,32.7,5.9,13.5,0.437,1.9,5.8,0.33,4.0,7.7,0.519,0.508,3.0,3.9,0.779,0.9,3.2,4.1,2.7,0.7,0.2,2.1,1.5,16.7
385,34,34,25.3,2.5,5.8,0.434,1.6,4.2,0.371,1.0,1.6,0.6,0.568,0.7,1.0,0.758,1.2,3.0,4.3,0.9,0.4,0.8,0.8,2.1,7.4
386,29,0,6.3,0.6,1.5,0.386,0.0,0.2,0.0,0.6,1.3,0.459,0.386,0.3,0.7,0.526,0.7,0.6,1.2,0.6,0.1,0.2,0.4,0.9,1.5
387,5,0,1.4,0.0,0.0,,0.0,0.0,,0.0,0.0,,,0.4,0.4,1.0,0.0,0.2,0.2,0.0,0.0,0.0,0.0,0.0,0.4
388,5,0,1.4,0.0,0.2,0.0,0.0,0.0,,0.0,0.2,0.0,0.0,0.6,0.8,0.75,0.0,0.2,0.2,0.0,0.2,0.0,0.4,0.0,0.6
389,34,34,30.3,3.4,7.4,0.466,1.1,3.1,0.365,2.3,4.3,0.537,0.542,2.5,3.4,0.754,1.1,2.7,3.8,2.1,1.8,0.6,1.4,2.1,10.5
390,30,0,9.5,0.8,2.3,0.343,0.4,1.1,0.344,0.4,1.3,0.342,0.421,0.7,0.8,0.833,0.4,0.7,1.2,0.5,0.3,0.2,0.6,0.9,2.6
391,34,34,31.8,4.9,11.7,0.421,2.1,6.6,0.323,2.8,5.0,0.55,0.513,2.2,2.8,0.809,1.3,4.1,5.4,1.3,1.1,0.9,1.9,2.3,14.2
392,5,0,2.0,0.2,1.2,0.167,0.0,0.2,0.0,0.2,1.0,0.2,0.167,0.0,0.0,,0.2,0.2,0.4,0.0,0.0,0.0,0.0,0.0,0.4
393,5,0,1.4,0.2,0.8,0.25,0.0,0.6,0.0,0.2,0.2,1.0,0.25,0.0,0.0,,0.4,0.4,0.8,0.0,0.0,0.0,0.0,0.2,0.4
394,5,0,1.4,0.0,0.4,0.0,0.0,0.2,0.0,0.0,0.2,0.0,0.0,0.0,0.0,,0.0,0.2,0.2,0.0,0.2,0.0,0.0,0.2,0.0
395,34,34,33.8,7.8,16.2,0.483,1.9,6.1,0.311,5.9,10.1,0.586,0.541,1.7,2.6,0.648,0.6,3.8,4.5,5.9,1.4,0.3,1.9,2.2,19.2
396,34,0,14.8,1.9,4.8,0.407,0.8,2.7,0.28,1.2,2.0,0.58,0.488,0.5,0.7,0.64,1.1,1.2,2.2,0.4,0.6,0.4,0.4,1.4,5.1
397,34,34,27.2,3.8,8.0,0.472,0.9,2.4,0.358,2.9,5.6,0.521,0.526,2.3,3.1,0.729,1.7,2.3,4.1,1.6,2.3,0.1,0.9,2.4,10.7
398,34,0,8.9,0.6,1.9,0.344,0.2,0.9,0.188,0.5,0.9,0.5,0.391,0.4,0.8,0.5,0.4,1.1,1.5,0.5,0.4,0.1,0.5,1.1,1.9
399,31,0,15.8,1.5,3.3,0.471,0.7,1.8,0.375,0.9,1.5,0.587,0.574,0.3,0.5,0.714,0.7,2.3,3.0,0.2,0.7,0.1,0.3,1.0,4.1
400,10,0,2.0,0.1,0.3,0.333,0.1,0.1,1.0,0.0,0.2,0.0,0.5,0.4,0.6,0.667,0.1,0.3,0.4,0.2,0.2,0.0,0.2,0.2,0.7
401,5,0,7.2,1.0,1.8,0.556,0.0,0.2,0.0,1.0,1.6,0.625,0.556,0.4,0.8,0.5,0.8,1.6,2.4,0.6,0.2,0.4,0.2,1.8,2.4
402,7,0,5.3,0.4,1.7,0.25,0.4,1.7,0.25,0.0,0.0,,0.375,0.0,0.0,,0.0,0.0,0.0,0.0,0.0,0.0,0.0,0.1,1.3
403,36,4,15.4,0.9,2.4,0.395,0.2,0.8,0.2,0.8,1.6,0.5,0.43,0.4,0.8,0.5,0.4,1.9,2.4,1.0,0.4,0.0,0.7,1.5,2.5
404,36,36,30.4,5.8,11.1,0.526,0.2,1.0,0.2,5.6,10.1,0.558,0.535,4.6,6.1,0.766,2.3,6.6,9.0,1.9,1.1,1.1,2.4,2.1,16.5
405,36,36,31.6,5.0,11.0,0.453,2.4,5.9,0.407,2.6,5.1,0.508,0.563,2.3,2.6,0.862,0.5,2.2,2.8,4.8,1.9,0.1,1.9,1.9,14.7
406,36,0,10.2,0.6,1.7,0.367,0.3,0.9,0.375,0.3,0.8,0.357,0.467,0.3,0.3,0.75,0.4,0.8,1.2,0.8,0.5,0.2,0.4,0.9,1.8
407,30,0,9.8,1.1,2.1,0.54,0.1,0.3,0.25,1.1,1.8,0.582,0.556,0.1,0.3,0.5,1.0,1.3,2.3,0.2,0.7,0.7,0.4,0.9,2.5
408,36,36,28.5,4.9,8.9,0.555,0.0,0.0,0.0,4.9,8.8,0.557,0.555,3.4,4.7,0.734,3.0,6.1,9.0,1.3,1.1,1.5,1.5,2.6,13.3
409,10,0,1.3,0.1,0.3,0.333,0.0,0.0,,0.1,0.3,0.333,0.333,0.0,0.0,,0.0,0.3,0.3,0.0,0.0,0.0,0.0,0.3,0.2
410,22,0,8.4,0.6,1.8,0.333,0.3,1.0,0.273,0.3,0.8,0.412,0.41,0.2,0.4,0.444,0.2,1.1,1.4,0.3,0.1,0.0,0.1,1.1,1.6
411,36,32,31.1,4.6,10.7,0.434,2.2,5.9,0.374,2.4,4.8,0.509,0.538,2.3,2.8,0.814,0.6,1.6,2.2,2.1,0.7,0.1,1.1,1.6,13.8
412,36,36,28.3,4.3,9.8,0.432,2.1,4.9,0.424,2.2,4.9,0.441,0.538,1.1,1.4,0.745,0.2,1.7,1.9,1.8,1.0,0.2,0.9,1.7,11.6
413,32,0,10.3,1.2,2.6,0.47,0.4,1.1,0.371,0.8,1.5,0.542,0.548,0.6,0.9,0.621,0.4,1.5,1.9,0.2,0.4,0.8,0.5,1.3,3.4
414,2,2,30.0,6.0,11.5,0.522,1.0,2.0,0.5,5.0,9.5,0.526,0.565,4.5,4.5,1.0,1.0,2.0,3.0,1.5,1.5,0.0,4.0,3.0,17.5
415,30,11,25.0,2.9,5.8,0.503,0.5,1.5,0.348,2.4,4.3,0.558,0.549,1.2,1.9,0.649,1.1,2.1,3.2,2.2,0.9,0.2,1.4,1.7,7.6
416,35,1,14.6,1.6,2.5,0.636,0.0,0.0,0.0,1.6,2.5,0.644,0.636,0.5,1.2,0.452,2.0,2.3,4.3,0.5,0.5,0.1,0.3,1.1,3.7
417,35,35,27.6,4.3,7.0,0.623,0.5,1.6,0.309,3.9,5.4,0.714,0.658,1.3,3.0,0.423,2.5,4.0,6.5,0.8,0.6,1.3,1.3,1.8,10.4
418,35,24,22.5,2.9,6.7,0.436,2.4,5.7,0.425,0.5,1.0,0.5,0.618,1.4,1.6,0.873,0.5,1.7,2.2,0.8,1.0,0.0,0.6,1.9,9.6
419,9,0,2.0,0.1,0.6,0.2,0.1,0.3,0.333,0.0,0.2,0.0,0.3,0.0,0.0,,0.2,0.0,0.2,0.1,0.1,0.0,0.1,0.1,0.3
420,35,35,28.8,4.1,9.5,0.431,1.1,3.2,0.354,2.9,6.3,0.47,0.491,3.3,4.0,0.809,0.8,2.5,3.4,1.9,1.5,0.6,0.9,2.1,12.6
421,33,33,28.8,2.8,6.6,0.425,1.5,4.2,0.355,1.3,2.5,0.543,0.537,1.1,1.4,0.8,2.4,4.5,6.9,0.9,1.4,0.7,0.6,1.7,8.2
422,10,0,2.1,0.5,1.2,0.417,0.5,1.2,0.417,0.0,0.0,,0.625,0.0,0.0,,0.0,0.0,0.0,0.1,0.0,0.0,0.3,0.3,1.5
423,11,9,17.0,0.7,1.7,0.421,0.0,0.1,0.0,0.7,1.6,0.444,0.421,0.3,0.5,0.6,0.2,2.3,2.5,3.2,1.2,0.0,1.6,2.2,1.7
424,35,24,21.9,3.4,6.9,0.488,0.1,0.7,0.154,3.3,6.2,0.528,0.496,2.3,3.4,0.681,0.6,2.7,3.3,4.5,1.4,0.3,2.8,2.5,9.2
425,34,0,19.7,4.4,10.1,0.437,1.1,3.6,0.301,3.3,6.5,0.514,0.491,2.3,2.8,0.821,0.7,1.8,2.5,0.5,0.8,0.2,0.8,1.6,12.2
426,22,1,13.7,1.6,3.8,0.422,0.3,0.9,0.35,1.3,2.9,0.444,0.464,1.0,1.5,0.688,0.1,0.9,1.0,1.7,0.9,0.2,1.4,2.3,4.5
427,31,2,11.4,0.5,1.3,0.41,0.2,0.5,0.429,0.3,0.8,0.4,0.487,0.2,0.5,0.412,0.3,0.9,1.2,1.2,0.4,0.1,0.7,1.6,1.5
428,35,35,30.3,3.7,9.9,0.375,2.3,6.1,0.373,1.5,3.9,0.378,0.488,1.0,1.2,0.791,0.5,1.5,1.9,1.4,0.9,0.3,1.5,2.4,10.7
429,35,19,27.2,6.0,9.7,0.615,0.0,0.0,0.0,6.0,9.7,0.617,0.615,2.6,4.5,0.586,2.8,4.6,7.4,1.7,0.9,1.3,2.8,2.9,14.6
430,16,1,11.8,0.9,2.1,0.455,0.2,0.4,0.5,0.8,1.7,0.444,0.5,0.3,0.5,0.625,0.3,1.4,1.6,1.1,1.1,0.0,0.8,1.4,2.4
431,14,0,3.6,0.4,0.6,0.75,0.1,0.1,0.5,0.4,0.4,0.833,0.813,0.3,0.3,1.0,0.4,0.4,0.8,0.3,0.3,0.2,0.1,0.6,1.2
432,16,0,3.1,0.2,0.3,0.6,0.1,0.1,0.5,0.1,0.2,0.667,0.7,0.0,0.0,,0.1,0.2,0.3,0.1,0.1,0.0,0.4,0.3,0.4
433,35,16,18.2,2.0,3.6,0.548,0.0,0.0,,2.0,3.6,0.548,0.548,1.7,3.6,0.488,2.7,3.8,6.5,0.5,0.7,1.6,1.0,2.5,5.7
434,35,35,26.1,2.3,4.6,0.5,0.3,1.4,0.245,2.0,3.2,0.611,0.537,1.3,1.9,0.708,1.9,3.6,5.6,1.9,0.7,1.1,1.0,2.9,6.3
435,35,0,14.4,1.7,4.1,0.4,1.3,3.3,0.393,0.3,0.8,0.429,0.559,0.8,0.9,0.933,0.4,1.1,1.5,0.3,0.3,0.0,0.5,0.9,5.4
436,35,35,36.6,7.1,14.9,0.476,1.1,3.1,0.364,6.0,11.8,0.505,0.513,6.4,7.8,0.818,1.1,4.6,5.8,3.7,1.8,0.1,3.3,2.3,21.7
437,32,32,34.0,4.6,11.0,0.415,2.3,5.7,0.401,2.3,5.3,0.429,0.518,2.3,2.9,0.774,0.8,3.0,3.8,3.6,1.5,0.2,2.3,1.6,13.7
438,5,0,1.2,0.0,0.0,,0.0,0.0,,0.0,0.0,,,0.0,0.0,,0.0,0.4,0.4,0.0,0.0,0.0,0.2,0.0,0.0
439,37,37,30.5,5.0,10.1,0.497,1.0,3.1,0.336,4.0,7.1,0.567,0.548,2.1,3.6,0.594,2.3,7.4,9.7,3.6,0.7,1.4,3.2,2.1,13.2
440,6,0,1.3,0.3,0.3,1.0,0.0,0.0,,0.3,0.3,1.0,1.0,0.0,0.2,0.0,0.2,0.0,0.2,0.0,0.0,0.0,0.0,0.2,0.7
441,3,0,1.3,0.0,0.7,0.0,0.0,0.3,0.0,0.0,0.3,0.0,0.0,0.0,0.0,,0.0,0.0,0.0,0.0,0.0,0.0,0.0,0.3,0.0
442,7,0,1.1,0.0,0.3,0.0,0.0,0.3,0.0,0.0,0.0,,0.0,0.0,0.0,,0.0,0.0,0.0,0.0,0.0,0.1,0.0,0.1,0.0
443,5,0,3.8,0.2,0.8,0.25,0.0,0.0,,0.2,0.8,0.25,0.25,0.4,1.0,0.4,0.4,0.8,1.2,0.2,0.2,0.0,0.6,0.6,0.8
444,28,0,6.7,0.4,1.6,0.273,0.3,1.1,0.267,0.1,0.5,0.286,0.364,0.4,0.5,0.857,0.3,0.4,0.7,0.6,0.2,0.0,0.3,0.8,1.6
445,30,0,11.8,1.4,3.8,0.368,0.5,2.0,0.246,0.9,1.8,0.509,0.434,1.0,1.3,0.816,0.3,1.0,1.4,1.0,0.4,0.0,0.9,1.4,4.3
446,37,37,26.3,3.2,6.7,0.476,1.8,4.5,0.4,1.4,2.2,0.627,0.609,1.2,1.6,0.763,0.7,2.8,3.5,1.5,0.8,0.2,1.3,2.6,9.4
447,15,0,3.3,0.1,0.4,0.333,0.1,0.2,0.333,0.1,0.2,0.333,0.417,0.5,0.6,0.778,0.2,0.5,0.7,0.2,0.2,0.0,0.1,0.5,0.8
448,36,25,26.3,3.3,7.6,0.431,0.5,2.3,0.232,2.8,5.3,0.516,0.465,2.8,3.5,0.792,1.1,2.4,3.4,2.2,0.8,0.2,1.8,2.2,9.8
449,33,12,21.6,1.2,3.7,0.331,0.6,2.5,0.247,0.6,1.2,0.5,0.413,0.5,0.7,0.783,0.6,1.9,2.6,1.3,0.9,0.2,1.0,2.1,3.6
450,23,0,12.7,1.6,3.8,0.425,1.1,3.1,0.366,0.5,0.7,0.688,0.575,0.6,0.8,0.737,0.3,1.3,1.6,0.6,0.1,0.2,0.3,1.2,5.0
451,37,37,31.1,4.0,9.3,0.433,1.7,4.5,0.375,2.3,4.8,0.489,0.525,1.6,2.3,0.69,0.5,3.0,3.5,4.1,1.0,0.1,2.2,1.6,11.3
452,37,37,27.5,6.0,9.9,0.607,0.3,0.9,0.333,5.7,9.0,0.634,0.622,4.3,5.9,0.731,2.4,4.7,7.0,1.1,0.5,1.4,2.3,2.0,16.6
453,37,0,15.9,2.2,4.6,0.477,0.9,2.6,0.351,1.3,2.0,0.64,0.576,1.0,1.2,0.86,1.0,1.4,2.4,0.6,0.2,0.1,0.5,2.0,6.4
454,37,0,17.2,1.7,2.9,0.598,0.0,0.0,0.0,1.7,2.9,0.604,0.598,1.6,2.1,0.744,1.5,3.7,5.2,0.6,0.2,0.6,0.8,2.2,5.0
455,37,1,20.7,3.1,5.0,0.611,0.1,0.4,0.333,2.9,4.6,0.635,0.624,1.8,2.6,0.701,1.5,2.1,3.6,0.5,0.5,0.7,0.9,1.1,8.1
456,37,7,16.2,2.2,5.5,0.39,0.4,1.8,0.197,1.8,3.8,0.482,0.422,2.4,2.7,0.861,0.8,2.5,3.3,0.8,0.5,0.2,0.6,1.1,7.0
457,13,0,2.0,0.2,0.6,0.375,0.2,0.5,0.333,0.1,0.2,0.5,0.5,0.0,0.0,,0.1,0.0,0.1,0.2,0.0,0.0,0.1,0.3,0.6
458,37,37,27.2,4.8,11.9,0.398,1.6,5.4,0.293,3.2,6.6,0.484,0.464,1.7,2.3,0.762,0.6,2.9,3.5,1.5,0.8,0.3,1.1,1.4,12.8
459,36,15,25.3,4.0,8.1,0.493,1.3,3.2,0.412,2.7,4.9,0.545,0.574,2.8,3.4,0.836,0.6,2.7,3.3,1.9,0.8,0.3,0.8,1.5,12.1
460,37,34,20.8,3.0,5.8,0.519,0.5,1.4,0.373,2.5,4.5,0.564,0.563,1.2,1.5,0.821,2.5,4.9,7.5,1.3,0.4,0.8,1.3,1.8,7.8
461,36,36,23.7,2.0,5.0,0.397,0.4,1.1,0.342,1.6,3.9,0.411,0.433,2.9,3.9,0.73,0.3,1.8,2.1,5.4,1.1,0.2,2.0,2.3,7.2
462,19,0,3.1,0.2,0.7,0.214,0.1,0.5,0.222,0.1,0.3,0.2,0.286,0.1,0.1,1.0,0.2,0.5,0.7,0.2,0.1,0.0,0.2,0.4,0.5
463,10,0,1.2,0.4,0.7,0.571,0.0,0.2,0.0,0.4,0.5,0.8,0.571,0.0,0.0,,0.1,0.1,0.2,0.0,0.0,0.0,0.1,0.0,0.8
464,36,36,14.1,1.7,2.6,0.653,0.0,0.1,0.0,1.7,2.6,0.667,0.653,0.8,1.2,0.659,1.6,2.4,4.0,0.6,0.3,0.6,0.9,2.3,4.3
465,37,16,23.1,3.1,8.2,0.373,1.3,3.9,0.329,1.8,4.2,0.414,0.452,1.7,2.0,0.851,0.2,1.7,1.9,3.7,0.8,0.2,1.6,1.7,9.1
466,33,3,12.8,1.8,4.2,0.417,0.5,2.2,0.233,1.2,2.0,0.621,0.478,0.7,0.8,0.786,0.7,1.5,2.2,0.2,0.1,0.7,0.9,1.2,4.7
467,34,32,29.4,2.7,5.3,0.514,0.2,0.7,0.24,2.5,4.5,0.558,0.531,1.5,3.0,0.5,2.3,4.4,6.7,3.6,2.4,0.7,2.4,2.8,7.1
468,34,18,23.1,3.3,8.2,0.396,2.0,5.9,0.34,1.3,2.4,0.538,0.518,1.0,1.3,0.778,0.4,2.4,2.8,1.2,0.9,0.1,0.7,1.2,9.6
469,26,0,6.2,0.2,0.7,0.333,0.1,0.4,0.2,0.2,0.3,0.5,0.389,0.0,0.2,0.2,0.0,0.8,0.8,1.3,0.4,0.2,0.7,0.7,0.6
470,15,0,4.3,0.6,1.1,0.563,0.0,0.1,0.0,0.6,1.0,0.6,0.563,0.3,0.3,0.8,0.5,0.3,0.8,0.1,0.2,0.0,0.3,0.7,1.5
471,11,0,2.3,0.1,0.5,0.167,0.1,0.5,0.167,0.0,0.0,,0.25,0.0,0.0,,0.0,0.4,0.4,0.1,0.0,0.0,0.2,0.0,0.3
472,9,0,2.9,0.3,1.0,0.333,0.1,0.7,0.167,0.2,0.3,0.667,0.389,0.3,0.4,0.75,0.2,0.3,0.6,0.1,0.0,0.2,0.1,0.7,1.1
473,34,34,32.9,5.9,14.8,0.402,3.2,9.2,0.345,2.8,5.6,0.495,0.509,3.8,4.4,0.878,0.3,1.9,2.1,3.1,0.9,0.1,1.3,1.9,18.9
474,7,4,19.0,2.0,5.4,0.368,0.3,1.4,0.2,1.7,4.0,0.429,0.395,2.0,2.9,0.7,0.0,1.3,1.3,2.6,1.1,0.0,0.7,1.3,6.3
475,34,3,24.0,4.9,8.7,0.566,0.1,0.8,0.148,4.8,7.9,0.608,0.573,1.8,2.9,0.619,2.3,5.0,7.4,1.6,0.9,1.1,1.5,1.9,11.7
476,11,0,5.1,0.9,1.5,0.588,0.4,0.7,0.5,0.5,0.8,0.667,0.706,0.0,0.2,0.0,0.3,0.5,0.7,0.2,0.1,0.2,0.3,0.4,2.2
477,34,32,15.4,2.4,4.6,0.525,0.0,0.2,0.143,2.4,4.4,0.543,0.528,1.2,2.0,0.609,1.9,2.7,4.6,0.7,0.4,0.8,0.7,2.3,6.1
478,34,29,22.4,3.1,7.0,0.439,1.0,3.5,0.28,2.1,3.5,0.597,0.508,1.7,2.3,0.747,1.5,2.8,4.3,0.9,0.9,0.6,1.0,2.2,8.8
479,33,14,22.4,3.3,7.7,0.433,1.2,3.6,0.333,2.1,4.1,0.522,0.512,1.4,1.8,0.754,1.1,1.9,3.0,1.5,1.1,0.2,1.4,1.9,9.3
480,34,4,19.3,1.7,4.0,0.437,0.5,1.9,0.281,1.2,2.1,0.577,0.504,0.8,1.1,0.757,1.1,1.4,2.6,0.9,0.9,0.6,0.4,1.8,4.8
481,5,0,1.6,0.0,0.4,0.0,0.0,0.2,0.0,0.0,0.2,0.0,0.0,0.2,0.4,0.5,0.2,0.2,0.4,0.0,0.2,0.0,0.0,0.4,0.2
482,28,0,9.2,1.1,1.7,0.638,0.1,0.3,0.5,0.9,1.4,0.667,0.681,0.3,0.6,0.5,0.7,1.1,1.8,0.2,0.4,0.4,0.4,0.9,2.6
483,17,7,6.4,0.5,1.5,0.346,0.1,0.6,0.1,0.5,0.9,0.5,0.365,0.8,1.1,0.684,0.2,0.4,0.6,0.3,0.4,0.1,0.5,0.7,1.9
484,33,31,23.0,2.6,5.3,0.483,0.6,1.5,0.4,2.0,3.8,0.516,0.54,3.3,4.2,0.771,0.9,2.2,3.1,3.5,2.0,0.2,1.7,3.1,9.0
485,29,2,26.2,4.3,9.1,0.472,2.7,6.8,0.396,1.6,2.3,0.691,0.619,2.4,2.8,0.864,0.8,2.8,3.6,1.1,1.7,0.1,0.9,1.7,13.7
486,3,0,1.0,0.0,0.3,0.0,0.0,0.0,,0.0,0.3,0.0,0.0,0.0,0.0,,0.0,0.0,0.0,0.0,0.0,0.0,0.3,0.3,0.0
487,33,0,12.9,2.0,5.2,0.378,1.2,3.6,0.336,0.8,1.6,0.472,0.494,0.4,0.6,0.737,0.7,1.4,2.1,0.3,0.3,0.1,0.2,1.0,5.6
488,5,0,1.2,0.0,0.0,,0.0,0.0,,0.0,0.0,,,0.2,0.6,0.333,0.0,0.2,0.2,0.0,0.0,0.0,0.0,0.2,0.2
489,33,16,15.5,1.0,1.9,0.531,0.0,0.1,0.333,1.0,1.8,0.541,0.539,1.1,2.0,0.569,1.8,3.5,5.3,0.6,0.3,0.4,0.9,2.4,3.2
490,26,0,9.2,0.7,1.6,0.439,0.1,0.2,0.4,0.6,1.4,0.444,0.463,1.2,1.3,0.882,0.7,1.3,2.0,0.5,0.3,0.1,0.6,1.2,2.6
491,33,33,27.8,4.6,9.1,0.505,0.4,1.5,0.26,4.2,7.6,0.554,0.527,4.3,6.4,0.67,1.4,3.2,4.7,1.9,1.0,0.8,1.6,1.6,13.9
492,33,0,13.5,2.3,4.7,0.481,1.1,2.4,0.456,1.2,2.3,0.506,0.596,1.0,1.2,0.805,0.3,0.6,0.9,1.3,0.4,0.0,0.4,0.5,6.6
493,22,0,4.4,0.4,0.8,0.5,0.0,0.0,,0.4,0.8,0.5,0.5,0.2,0.9,0.263,0.4,0.8,1.1,0.1,0.3,0.3,0.5,0.9,1.0
494,19,0,5.4,0.7,1.3,0.583,0.0,0.1,0.0,0.7,1.2,0.636,0.583,0.4,0.6,0.667,0.1,0.3,0.4,0.6,0.3,0.1,0.4,1.0,1.9
495,34,34,26.0,4.6,9.0,0.508,1.5,3.9,0.397,3.1,5.2,0.591,0.593,2.6,2.7,0.946,0.7,1.9,2.6,1.0,1.3,0.1,1.3,1.8,13.3
496,32,28,23.2,2.8,5.9,0.479,0.5,1.7,0.309,2.3,4.2,0.548,0.524,2.4,3.2,0.757,0.8,1.7,2.5,2.5,1.1,0.2,1.6,1.9,8.7
497,33,19,17.1,2.3,4.9,0.472,1.0,2.9,0.33,1.3,1.9,0.688,0.571,1.1,1.9,0.581,1.2,2.1,3.2,1.0,0.6,0.2,0.6,1.8,6.7
498,14,0,1.4,0.1,0.8,0.091,0.1,0.5,0.143,0.0,0.3,0.0,0.136,0.0,0.0,,0.0,0.1,0.1,0.0,0.0,0.0,0.1,0.2,0.2
499,29,1,8.9,0.5,1.1,0.452,0.1,0.3,0.2,0.4,0.7,0.571,0.484,0.3,0.4,0.615,0.4,1.2,1.7,0.2,0.2,0.3,0.4,1.3,1.3
500,35,0,19.6,1.9,3.8,0.493,1.1,2.8,0.392,0.8,1.1,0.757,0.634,0.7,0.9,0.806,0.2,2.1,2.2,0.7,0.6,0.4,0.9,1.2,5.6
501,35,35,29.6,3.3,6.0,0.55,0.5,1.4,0.375,2.8,4.7,0.601,0.592,2.1,2.5,0.831,0.5,1.7,2.2,2.7,0.7,0.0,0.8,1.2,9.3
502,17,0,5.2,0.3,1.0,0.294,0.1,0.6,0.182,0.2,0.4,0.5,0.353,0.1,0.2,0.667,0.4,0.5,0.8,0.2,0.0,0.2,0.2,0.7,0.8
503,25,1,10.4,1.2,3.0,0.382,0.6,2.0,0.314,0.5,1.0,0.52,0.487,0.4,0.5,0.917,0.4,1.0,1.4,0.2,0.1,0.2,0.3,0.6,3.4
504,13,0,5.2,0.8,2.2,0.393,0.5,1.4,0.333,0.4,0.8,0.5,0.5,0.2,0.7,0.333,0.5,0.2,0.6,0.3,0.5,0.1,0.1,0.4,2.4
505,35,35,27.7,5.0,7.9,0.633,0.1,0.6,0.238,4.8,7.3,0.665,0.642,1.4,2.5,0.575,2.1,4.7,6.8,1.3,0.9,0.7,1.4,2.3,11.5
506,35,21,24.5,3.9,7.7,0.509,0.9,2.5,0.341,3.1,5.2,0.59,0.565,2.4,3.5,0.691,0.4,2.7,3.1,1.8,1.3,0.5,1.5,2.4,11.2
507,30,29,30.5,4.3,9.4,0.456,2.0,5.0,0.409,2.3,4.5,0.507,0.564,2.0,2.4,0.822,0.2,3.0,3.2,2.4,0.8,0.1,1.3,2.1,12.6
508,35,20,27.1,4.2,10.5,0.399,1.6,4.7,0.341,2.6,5.8,0.446,0.475,3.2,4.0,0.801,0.3,3.2,3.5,3.1,1.1,0.3,2.5,2.5,13.2
509,34,33,23.9,3.5,6.1,0.577,0.6,1.5,0.404,2.9,4.6,0.635,0.627,1.7,2.3,0.731,1.0,3.1,4.1,1.3,0.5,0.6,1.4,2.2,9.4
510,16,0,6.4,0.9,1.4,0.652,0.0,0.0,,0.9,1.4,0.652,0.652,0.5,0.9,0.533,0.6,0.9,1.6,0.1,0.3,0.1,0.4,1.2,2.4
511,29,0,11.1,0.9,2.9,0.31,0.4,1.8,0.235,0.5,1.1,0.424,0.381,0.4,0.6,0.688,0.3,1.0,1.3,0.4,0.6,0.0,1.0,1.2,2.6
512,32,2,19.2,2.2,5.9,0.374,1.5,4.2,0.361,0.7,1.8,0.404,0.5,0.8,1.1,0.771,0.4,2.8,3.3,1.9,1.1,0.2,1.7,1.4,6.8
513,30,30,28.2,2.9,6.3,0.468,2.6,5.5,0.464,0.4,0.7,0.5,0.673,1.0,1.3,0.816,0.4,1.3,1.7,1.3,0.6,0.1,0.4,1.2,9.5
514,30,26,27.9,4.1,11.1,0.369,1.8,5.8,0.312,2.3,5.3,0.431,0.45,2.4,3.1,0.785,0.3,3.5,3.7,3.3,0.9,0.0,2.8,2.3,12.4
515,36,36,29.1,4.9,9.4,0.515,0.6,2.0,0.306,4.3,7.4,0.571,0.547,2.9,3.9,0.738,2.0,4.9,6.9,1.0,0.9,1.1,2.3,2.5,13.2
516,34,14,15.5,1.8,5.0,0.355,0.4,1.5,0.269,1.4,3.4,0.393,0.396,1.1,1.6,0.691,0.6,1.6,2.2,1.0,0.3,0.1,1.5,1.4,5.1
517,2,0,2.0,0.0,0.0,,0.0,0.0,,0.0,0.0,,,0.0,0.0,,0.0,0.5,0.5,0.0,0.0,0.0,0.0,0.0,0.0
518,35,33,29.6,4.6,7.7,0.595,0.1,0.2,0.286,4.5,7.5,0.603,0.599,1.1,1.7,0.69,2.7,4.6,7.3,1.1,0.4,0.8,1.7,3.0,10.3
519,3,0,2.3,0.7,0.7,1.0,0.0,0.0,,0.7,0.7,1.0,1.0,0.0,0.0,,0.7,0.3,1.0,0.0,0.0,0.0,0.3,0.0,1.3
520,18,0,6.7,0.7,1.4,0.48,0.4,0.8,0.5,0.3,0.6,0.455,0.62,0.0,0.0,,0.2,0.8,0.9,0.2,0.1,0.0,0.4,0.7,1.7
521,19,0,6.5,0.6,2.4,0.267,0.5,2.2,0.244,0.1,0.2,0.5,0.378,0.0,0.0,,0.2,0.3,0.5,0.2,0.1,0.1,0.3,0.5,1.8
522,21,3,24.4,4.1,7.8,0.534,0.0,0.3,0.167,4.1,7.5,0.548,0.537,2.6,3.6,0.711,2.3,4.9,7.2,2.2,1.1,0.4,2.0,1.4,10.9
523,24,0,4.1,0.3,0.7,0.375,0.1,0.3,0.333,0.2,0.4,0.4,0.438,0.3,0.5,0.615,0.2,0.5,0.8,0.2,0.2,0.1,0.5,0.4,0.9
524,36,36,33.5,1.9,5.3,0.353,1.0,2.9,0.34,0.9,2.3,0.369,0.447,2.1,2.8,0.743,0.5,3.7,4.2,4.3,0.9,0.1,2.2,2.0,6.8
525,32,0,8.2,0.8,1.5,0.574,0.0,0.0,,0.8,1.5,0.574,0.574,0.3,0.6,0.45,0.9,1.6,2.5,0.3,0.3,0.8,0.4,1.5,2.0
526,31,1,9.9,1.0,2.5,0.405,0.9,2.1,0.438,0.1,0.5,0.267,0.582,0.3,0.4,0.769,0.2,0.5,0.7,0.5,0.3,0.2,0.2,0.8,3.3
527,34,7,20.7,2.8,6.8,0.411,1.0,3.3,0.313,1.8,3.5,0.504,0.487,1.3,1.7,0.741,0.6,1.8,2.4,1.1,1.1,0.3,0.8,2.4,7.9
528,35,35,35.3,7.3,14.9,0.49,0.8,1.9,0.409,6.5,13.0,0.502,0.516,5.1,6.5,0.784,0.4,2.0,2.3,6.4,1.4,0.9,3.1,1.3,20.4
529,35,29,22.7,2.1,5.1,0.413,0.7,2.3,0.317,1.4,2.8,0.495,0.486,0.9,1.4,0.646,1.1,3.5,4.6,1.1,0.7,0.2,1.0,2.3,5.9
530,19,0,5.8,0.6,1.0,0.579,0.1,0.2,0.25,0.5,0.8,0.667,0.605,0.0,0.2,0.0,0.2,0.9,1.2,0.1,0.3,0.3,0.3,1.4,1.2
531,34,3,11.8,1.4,2.8,0.484,0.8,1.7,0.458,0.6,1.1,0.528,0.626,0.3,0.6,0.579,0.5,1.5,2.0,0.4,0.3,0.1,0.4,1.3,3.8
532,32,0,6.7,0.8,1.9,0.417,0.5,1.1,0.417,0.3,0.8,0.417,0.542,0.3,0.5,0.625,0.0,0.3,0.4,0.8,0.4,0.1,0.5,0.8,2.3
533,32,32,28.7,3.6,9.4,0.384,1.3,4.4,0.289,2.3,5.0,0.469,0.452,2.6,3.7,0.703,1.9,3.5,5.4,1.4,0.9,0.7,1.3,2.2,11.1
534,35,35,31.3,5.4,9.6,0.564,0.0,0.2,0.0,5.4,9.5,0.574,0.564,3.3,5.1,0.652,3.2,7.8,11.0,1.2,1.3,1.5,2.2,2.7,14.2
535,13,0,4.0,0.2,0.5,0.286,0.1,0.4,0.2,0.1,0.2,0.5,0.357,0.2,0.5,0.286,0.2,0.3,0.5,0.2,0.2,0.0,0.2,0.5,0.5
536,34,33,28.2,4.0,9.5,0.425,1.2,3.7,0.336,2.8,5.8,0.482,0.491,1.9,2.9,0.63,1.2,2.8,4.0,1.9,2.1,0.4,1.2,2.1,11.1
537,35,35,31.2,6.6,12.1,0.545,0.8,2.0,0.394,5.8,10.0,0.575,0.578,4.1,5.1,0.815,0.6,3.1,3.7,3.0,1.3,0.3,1.6,1.9,18.1
538,24,2,17.7,3.2,6.8,0.475,0.2,0.7,0.235,3.0,6.0,0.503,0.488,1.8,2.9,0.629,1.6,2.6,4.3,1.3,1.0,0.5,1.5,2.3,8.4
539,33,32,27.7,4.2,8.5,0.489,1.1,2.2,0.473,3.1,6.2,0.495,0.552,2.7,3.7,0.736,0.4,1.7,2.1,3.2,0.8,0.1,2.3,1.2,12.1
540,25,0,8.4,0.6,2.2,0.296,0.4,1.7,0.256,0.2,0.4,0.455,0.398,0.3,0.3,1.0,0.2,1.2,1.4,0.3,0.4,0.0,0.3,0.9,2.0
541,31,29,25.0,3.6,7.0,0.521,0.6,1.9,0.333,3.0,5.1,0.592,0.567,2.6,3.0,0.86,1.5,3.8,5.4,1.0,0.7,0.4,1.3,2.6,10.5
542,33,28,24.7,2.5,5.5,0.456,0.5,1.7,0.273,2.0,3.8,0.536,0.497,1.2,1.5,0.78,1.1,3.7,4.8,2.5,1.4,0.2,1.5,2.6,6.6
543,22,1,7.0,0.6,1.0,0.591,0.2,0.5,0.455,0.4,0.5,0.727,0.705,0.5,0.5,0.833,0.1,0.5,0.6,0.5,0.4,0.0,0.4,0.5,1.9
544,35,28,22.3,2.9,5.2,0.569,0.3,0.9,0.323,2.7,4.3,0.62,0.597,1.0,1.9,0.529,1.5,2.7,4.2,0.6,0.1,1.2,1.3,2.2,7.2
545,17,0,6.7,1.2,2.2,0.541,0.0,0.1,0.0,1.2,2.1,0.556,0.541,0.4,0.5,0.875,0.6,1.4,1.9,0.1,0.2,0.1,0.2,0.9,2.8
546,34,1,17.1,1.5,4.4,0.34,1.0,3.4,0.298,0.5,1.1,0.472,0.453,1.4,1.6,0.852,0.1,0.8,0.9,1.1,0.5,0.0,0.8,1.2,5.4
547,34,8,19.2,2.1,5.2,0.395,0.7,2.6,0.256,1.4,2.6,0.54,0.46,1.4,1.6,0.889,0.8,2.1,2.8,1.0,0.8,0.1,0.9,1.3,6.2
548,31,11,17.3,1.8,3.3,0.554,0.0,0.0,,1.8,3.3,0.554,0.554,0.8,1.5,0.533,1.1,2.3,3.4,0.5,0.3,0.4,1.1,2.6,4.4
549,35,18,22.5,3.3,7.5,0.445,1.1,3.1,0.361,2.2,4.4,0.503,0.519,1.3,1.7,0.797,1.0,2.9,3.9,2.1,0.8,0.3,1.1,2.3,9.1
550,31,0,7.9,0.9,2.3,0.403,0.5,1.5,0.292,0.5,0.8,0.625,0.5,0.3,0.5,0.563,0.3,0.8,1.1,0.1,0.2,0.0,0.1,1.0,2.6
551,8,0,1.5,0.3,0.6,0.4,0.3,0.6,0.4,0.0,0.0,,0.6,0.0,0.0,,0.0,0.1,0.1,0.0,0.0,0.0,0.0,0.0,0.8
552,35,35,32.1,4.1,10.6,0.385,2.2,6.2,0.353,1.9,4.4,0.431,0.489,4.0,4.5,0.892,0.5,2.2,2.7,3.5,1.2,0.1,1.5,2.3,14.4
553,37,24,25.6,2.8,5.7,0.483,1.0,2.6,0.379,1.8,3.1,0.569,0.569,0.9,1.5,0.648,0.7,2.7,3.4,1.1,0.7,0.7,0.7,1.8,7.4
554,4,0,15.0,2.8,7.0,0.393,0.8,1.5,0.5,2.0,5.5,0.364,0.446,2.8,4.5,0.611,0.5,0.5,1.0,1.8,0.3,0.3,1.5,1.0,9.0
555,37,37,27.8,3.4,7.6,0.445,0.8,2.3,0.337,2.6,5.3,0.492,0.496,1.8,2.6,0.67,0.4,2.5,2.9,6.2,1.1,0.3,3.1,2.8,9.4
556,35,23,20.0,3.3,5.2,0.639,0.0,0.1,0.0,3.3,5.1,0.654,0.639,2.5,4.0,0.624,2.5,3.5,6.0,0.9,0.5,1.2,1.5,2.5,9.2
557,36,12,23.8,4.2,9.2,0.456,1.7,4.2,0.395,2.5,5.0,0.508,0.547,1.9,2.6,0.723,0.4,2.3,2.7,0.9,0.6,0.2,1.2,1.6,11.9
558,37,20,17.5,2.2,4.4,0.488,1.1,2.4,0.443,1.1,2.1,0.539,0.607,1.1,1.5,0.714,0.8,3.6,4.5,0.7,0.4,0.4,0.9,1.6,6.5
559,2,0,10.5,3.0,5.0,0.6,1.5,3.0,0.5,1.5,2.0,0.75,0.75,0.0,0.0,,0.5,1.0,1.5,0.0,0.0,0.0,1.0,2.0,7.5
560,36,16,15.9,2.3,3.8,0.594,0.1,0.5,0.278,2.1,3.3,0.642,0.612,1.0,1.6,0.638,1.3,2.9,4.2,0.5,0.3,0.8,1.0,2.3,5.7
561,18,0,2.9,0.6,0.8,0.714,0.0,0.0,,0.6,0.8,0.714,0.714,0.1,0.3,0.2,0.4,0.4,0.8,0.0,0.1,0.0,0.2,0.6,1.2
562,6,0,3.0,0.2,0.7,0.25,0.2,0.3,0.5,0.0,0.3,0.0,0.375,0.0,0.0,,0.3,0.0,0.3,0.2,0.3,0.2,0.2,0.2,0.5
563,8,0,1.3,0.1,0.3,0.5,0.0,0.0,,0.1,0.3,0.5,0.5,0.0,0.0,,0.1,0.4,0.5,0.0,0.0,0.0,0.0,0.0,0.3
564,21,13,23.5,2.1,6.4,0.336,1.8,5.5,0.319,0.4,0.9,0.444,0.474,0.9,1.0,0.905,0.4,1.7,2.1,2.2,0.3,0.0,0.8,1.0,7.0
565,35,22,21.7,1.7,4.0,0.414,0.3,0.9,0.29,1.4,3.1,0.45,0.446,1.9,2.5,0.759,0.5,2.3,2.8,2.6,0.6,0.0,1.2,1.5,5.5
566,1,0,2.0,0.0,0.0,,0.0,0.0,,0.0,0.0,,,1.0,2.0,0.5,0.0,0.0,0.0,0.0,0.0,0.0,0.0,0.0,1.0
567,34,12,19.3,4.8,7.4,0.651,0.1,0.1,0.667,4.8,7.3,0.651,0.655,1.8,2.6,0.693,1.6,2.4,4.0,0.7,0.4,1.1,1.0,2.1,11.5
568,9,0,5.6,0.7,1.2,0.545,0.1,0.1,1.0,0.6,1.1,0.5,0.591,0.3,0.4,0.75,0.8,1.1,1.9,0.0,0.4,0.1,0.4,0.3,1.8
569,31,9,24.0,3.0,6.3,0.485,0.4,1.6,0.235,2.6,4.6,0.573,0.515,1.7,2.2,0.754,1.5,3.5,5.1,1.6,0.5,0.1,0.9,1.9,8.1
570,34,15,23.5,2.6,5.8,0.447,0.9,2.5,0.372,1.6,3.3,0.505,0.528,1.5,1.9,0.785,1.5,2.3,3.9,1.3,0.5,0.1,1.1,1.7,7.6
571,37,37,34.2,5.5,13.4,0.413,2.3,6.5,0.354,3.2,6.9,0.469,0.499,3.9,4.5,0.873,0.3,3.1,3.4,3.6,1.0,0.1,1.5,1.7,17.2
572,9,0,1.7,0.1,0.3,0.333,0.0,0.0,,0.1,0.3,0.333,0.333,0.0,0.0,,0.0,0.1,0.1,0.6,0.0,0.0,0.2,0.2,0.2
573,35,28,24.1,3.4,7.8,0.434,1.1,3.5,0.303,2.3,4.3,0.54,0.502,1.0,1.5,0.642,1.5,5.0,6.5,1.3,1.5,0.4,1.5,1.8,8.8
574,34,18,28.6,3.8,8.8,0.428,0.7,2.8,0.266,3.0,6.0,0.502,0.47,3.4,4.1,0.821,1.2,3.8,5.0,1.3,1.4,0.3,1.1,1.6,11.6
575,5,0,2.6,0.6,1.6,0.375,0.4,0.8,0.5,0.2,0.8,0.25,0.5,0.0,0.0,,0.2,0.2,0.4,0.2,0.0,0.0,0.2,0.4,1.6
576,20,1,4.9,0.5,0.9,0.5,0.0,0.0,,0.5,0.9,0.5,0.5,0.3,0.7,0.429,0.8,0.8,1.6,0.1,0.2,0.1,0.2,1.2,1.2
577,37,20,19.6,3.6,5.3,0.684,0.0,0.1,0.0,3.6,5.2,0.694,0.684,1.5,2.1,0.711,1.9,3.6,5.5,0.3,0.4,0.9,0.8,2.1,8.7
578,31,19,22.6,2.5,5.8,0.425,1.9,4.5,0.421,0.6,1.3,0.439,0.588,1.1,1.5,0.761,0.3,2.2,2.5,0.3,0.9,0.3,0.5,2.4,8.0
579,31,0,12.1,1.2,2.6,0.45,0.7,1.5,0.447,0.5,1.1,0.455,0.581,1.3,1.4,0.909,0.1,1.0,1.1,1.0,0.4,0.0,0.5,1.3,4.3
580,34,34,24.6,3.2,6.2,0.514,1.2,2.7,0.43,2.0,3.4,0.581,0.61,1.9,2.3,0.831,0.4,2.1,2.5,2.0,1.4,0.1,1.2,1.9,9.4
581,34,2,19.1,1.5,3.7,0.409,0.6,1.9,0.303,0.9,1.8,0.525,0.488,0.9,1.2,0.75,0.3,2.3,2.5,1.0,0.6,0.2,0.6,1.4,4.5
582,15,0,4.6,0.2,0.7,0.273,0.1,0.3,0.2,0.1,0.4,0.333,0.318,0.4,0.4,1.0,0.1,0.7,0.8,0.2,0.1,0.0,0.1,0.4,0.9
583,7,0,1.0,0.1,0.1,1.0,0.1,0.1,1.0,0.0,0.0,,1.5,0.0,0.0,,0.0,0.0,0.0,0.0,0.0,0.0,0.0,0.1,0.4
584,34,34,30.3,5.2,11.1,0.471,1.3,3.3,0.381,4.0,7.8,0.509,0.528,4.2,5.0,0.84,1.2,4.6,5.8,0.6,0.5,0.6,1.6,2.7,15.9
585,34,31,30.2,5.3,12.2,0.434,1.1,3.9,0.284,4.2,8.3,0.505,0.48,5.4,6.3,0.851,0.7,3.4,4.1,4.1,1.6,0.1,3.4,1.9,17.1
586,34,16,23.6,2.9,6.7,0.427,1.4,4.1,0.348,1.4,2.6,0.551,0.533,0.6,0.9,0.724,0.2,1.5,1.8,2.8,0.7,0.0,1.5,1.7,7.7
587,30,0,11.3,0.9,2.1,0.429,0.6,1.7,0.34,0.3,0.4,0.769,0.563,0.3,0.5,0.714,0.2,1.2,1.5,0.4,0.1,0.2,0.1,1.1,2.7
588,33,4,11.5,1.4,2.0,0.723,0.0,0.0,,1.4,2.0,0.723,0.723,1.0,1.6,0.654,1.8,1.4,3.1,0.7,0.8,0.3,0.9,2.2,3.9
589,6,0,1.0,0.0,0.2,0.0,0.0,0.2,0.0,0.0,0.0,,0.0,0.0,0.0,,0.0,0.0,0.0,0.0,0.0,0.0,0.2,0.0,0.0
590,30,30,19.1,2.7,4.5,0.593,0.0,0.0,,2.7,4.5,0.593,0.593,1.2,2.1,0.563,2.4,2.8,5.2,0.8,0.9,0.6,1.2,2.6,6.5
591,7,0,1.6,0.1,0.6,0.25,0.0,0.1,0.0,0.1,0.4,0.333,0.25,0.3,0.3,1.0,0.0,0.4,0.4,0.0,0.0,0.0,0.0,0.0,0.6
592,36,10,20.4,1.7,4.5,0.383,0.4,1.8,0.212,1.3,2.7,0.5,0.426,1.2,1.6,0.737,0.9,2.4,3.2,0.8,0.7,0.3,0.5,2.0,5.0
593,34,34,26.0,3.7,8.1,0.455,0.7,2.3,0.325,2.9,5.8,0.505,0.5,2.0,3.0,0.683,1.7,3.1,4.8,1.3,1.0,1.0,1.2,3.0,10.1
594,36,0,9.9,0.4,1.0,0.444,0.4,0.8,0.481,0.1,0.3,0.333,0.625,0.2,0.3,0.545,0.2,0.8,1.1,0.4,0.4,0.2,0.3,1.0,1.4
595,9,0,3.2,0.3,0.7,0.5,0.1,0.1,1.0,0.2,0.6,0.4,0.583,0.4,0.7,0.667,0.2,0.8,1.0,0.0,0.2,0.2,0.3,0.7,1.2
596,36,1,23.3,3.7,7.3,0.511,0.7,2.1,0.351,3.0,5.2,0.574,0.561,2.9,3.9,0.732,1.4,3.0,4.3,1.8,0.8,0.3,1.2,2.0,11.1
597,36,31,30.5,3.6,8.8,0.406,1.7,4.5,0.37,1.9,4.3,0.442,0.5,1.5,1.8,0.818,0.1,2.1,2.2,3.4,1.4,0.2,1.3,1.8,10.3
598,17,0,4.1,0.5,0.7,0.667,0.0,0.0,,0.5,0.7,0.667,0.667,0.2,0.4,0.5,0.4,0.5,0.9,0.0,0.0,0.3,0.3,0.6,1.1
599,36,36,20.9,3.9,8.4,0.467,0.8,2.3,0.345,3.1,6.1,0.514,0.515,2.1,3.2,0.643,1.4,4.3,5.7,0.8,0.7,0.9,0.8,2.3,10.8
600,32,31,30.3,3.7,8.7,0.424,1.3,4.2,0.319,2.3,4.5,0.524,0.502,2.0,2.6,0.793,0.7,2.8,3.5,1.8,1.8,0.3,0.6,1.9,10.8
601,28,1,10.1,1.2,2.5,0.479,0.1,0.4,0.182,1.1,2.1,0.533,0.493,1.6,2.1,0.759,0.6,1.0,1.6,0.4,0.3,0.5,0.6,1.9,4.1
602,10,0,4.2,0.0,0.4,0.0,0.0,0.3,0.0,0.0,0.1,0.0,0.0,0.0,0.0,,0.1,0.1,0.2,0.2,0.2,0.1,0.1,0.6,0.0
603,36,36,32.8,5.2,11.8,0.441,2.4,6.2,0.392,2.8,5.6,0.495,0.544,2.6,3.2,0.825,0.4,3.1,3.5,3.8,1.9,0.2,2.0,2.6,15.4
604,26,0,6.3,0.5,1.4,0.361,0.1,0.7,0.176,0.4,0.7,0.526,0.403,0.4,0.5,0.833,0.2,0.7,0.9,0.3,0.5,0.1,0.5,1.1,1.5
605,35,34,16.7,2.1,3.5,0.581,0.0,0.0,,2.1,3.5,0.581,0.581,1.2,2.1,0.554,1.4,2.4,3.8,0.5,0.3,0.4,1.3,2.7,5.3
606,35,25,27.2,4.5,9.2,0.492,1.9,4.4,0.442,2.6,4.8,0.539,0.598,2.8,3.5,0.795,0.5,2.1,2.6,4.0,0.8,0.0,1.9,1.9,13.7
607,35,6,22.7,2.7,5.9,0.454,0.9,2.5,0.356,1.8,3.4,0.525,0.529,1.4,1.8,0.774,1.0,1.8,2.8,1.8,0.9,0.4,1.3,1.9,7.6
608,35,1,19.1,1.0,1.7,0.59,0.0,0.0,,1.0,1.7,0.59,0.59,0.2,0.8,0.296,1.7,1.8,3.5,1.1,0.5,0.5,0.5,2.1,2.3
609,35,30,24.3,2.3,5.1,0.441,1.0,2.7,0.366,1.3,2.5,0.523,0.536,0.9,1.2,0.721,1.0,2.8,3.8,1.2,0.6,0.5,0.9,2.2,6.4
610,18,0,6.7,0.5,1.7,0.29,0.3,1.3,0.25,0.2,0.4,0.429,0.387,0.3,0.5,0.667,0.1,0.7,0.8,0.3,0.2,0.1,0.3,1.1,1.7
611,35,10,20.9,3.0,8.0,0.375,1.3,4.0,0.317,1.7,4.0,0.433,0.454,1.5,2.2,0.701,0.8,3.1,3.9,1.8,0.5,0.1,1.1,1.9,8.8
612,8,0,1.6,0.4,0.8,0.5,0.0,0.0,,0.4,0.8,0.5,0.5,0.0,0.0,,0.4,0.1,0.5,0.1,0.0,0.0,0.1,0.3,0.8
613,35,35,32.3,6.7,14.0,0.479,0.8,2.9,0.277,5.9,11.1,0.531,0.507,4.7,6.3,0.739,1.6,6.3,7.9,1.2,0.8,0.3,1.9,2.1,18.9
614,14,0,3.8,0.3,0.8,0.364,0.0,0.0,,0.3,0.8,0.364,0.364,0.1,0.3,0.25,0.2,0.1,0.4,0.0,0.1,0.1,0.5,1.2,0.6
615,9,0,2.0,0.3,0.9,0.375,0.0,0.4,0.0,0.3,0.4,0.75,0.375,0.0,0.2,0.0,0.0,0.0,0.0,0.0,0.1,0.0,0.0,0.1,0.7
616,34,34,27.2,3.8,8.7,0.439,2.2,5.6,0.392,1.6,3.1,0.523,0.564,2.3,2.6,0.856,0.5,2.9,3.4,1.4,1.0,0.0,0.8,1.6,12.1
617,35,35,22.9,3.0,5.5,0.536,0.7,1.9,0.368,2.3,3.6,0.627,0.601,1.6,2.0,0.826,1.1,2.7,3.8,1.1,0.5,0.3,1.4,2.2,8.3
618,4,0,2.0,0.0,0.3,0.0,0.0,0.3,0.0,0.0,0.0,,0.0,0.0,0.0,,0.0,0.0,0.0,0.0,0.3,0.0,0.0,0.3,0.0
619,35,35,32.9,4.9,10.8,0.451,1.9,5.0,0.379,3.0,5.9,0.512,0.538,2.0,2.4,0.835,0.4,2.5,2.9,2.7,1.0,0.0,1.5,1.1,13.7
620,35,16,21.3,2.6,5.4,0.479,0.9,2.7,0.34,1.7,2.7,0.617,0.564,0.8,1.2,0.69,0.8,2.0,2.8,1.7,0.9,0.1,1.1,1.9,6.9
621,14,0,5.3,0.4,1.5,0.238,0.3,1.1,0.267,0.1,0.4,0.167,0.333,0.4,0.5,0.714,0.1,0.7,0.8,0.2,0.1,0.0,0.6,0.9,1.4
622,6,0,2.0,0.0,0.0,,0.0,0.0,,0.0,0.0,,,0.0,0.0,,0.2,0.2,0.3,0.5,0.2,0.0,0.0,0.5,0.0
623,7,0,1.9,0.1,0.6,0.25,0.0,0.0,,0.1,0.6,0.25,0.25,0.0,0.0,,0.0,0.0,0.0,0.3,0.1,0.0,0.1,0.3,0.3
624,35,14,27.8,3.5,8.3,0.426,1.8,4.3,0.414,1.7,4.0,0.439,0.534,1.1,1.3,0.886,0.5,1.8,2.3,2.5,1.1,0.1,1.0,1.1,10.0
625,35,3,16.3,1.9,4.1,0.465,0.4,1.5,0.269,1.5,2.6,0.578,0.514,1.9,2.7,0.723,1.6,3.0,4.6,0.7,0.4,0.6,1.1,1.9,6.1
626,2,0,1.0,0.0,0.0,,0.0,0.0,,0.0,0.0,,,0.0,0.0,,0.0,0.0,0.0,0.0,0.0,0.0,0.0,0.0,0.0
627,24,0,4.3,0.4,0.7,0.588,0.2,0.4,0.444,0.3,0.3,0.75,0.706,0.1,0.3,0.5,0.2,0.3,0.5,0.1,0.2,0.2,0.0,0.5,1.1
628,35,35,27.7,5.3,10.3,0.511,1.0,3.1,0.336,4.3,7.3,0.584,0.561,2.6,3.2,0.811,1.9,5.7,7.6,1.9,0.8,2.1,1.6,2.5,14.2
629,2,0,4.0,0.0,1.0,0.0,0.0,0.5,0.0,0.0,0.5,0.0,0.0,0.0,0.0,,0.5,0.0,0.5,0.0,0.0,0.0,1.0,1.0,0.0
630,30,2,10.4,0.5,1.5,0.318,0.1,0.5,0.125,0.4,0.9,0.429,0.341,0.5,0.8,0.696,0.3,1.3,1.6,0.5,0.4,0.0,0.5,1.1,1.5
631,32,0,11.0,1.7,3.2,0.545,0.0,0.0,,1.7,3.2,0.545,0.545,1.2,2.1,0.582,1.0,1.6,2.6,0.2,0.3,0.1,0.8,1.4,4.7
632,35,35,28.0,3.5,9.0,0.389,0.7,2.8,0.253,2.8,6.1,0.451,0.428,2.8,3.7,0.74,0.5,2.9,3.4,3.0,1.8,0.1,1.5,2.4,10.5
633,36,36,37.0,5.6,13.1,0.428,2.3,6.1,0.381,3.3,7.1,0.469,0.516,2.2,2.7,0.833,0.4,4.1,4.5,8.7,2.2,0.2,3.0,1.7,15.8
634,9,0,4.4,0.7,1.1,0.6,0.3,0.4,0.75,0.3,0.7,0.5,0.75,0.3,0.4,0.75,0.0,0.8,0.8,0.4,0.1,0.0,0.6,0.2,2.0
635,36,23,18.6,1.9,4.2,0.461,0.9,2.3,0.398,1.0,1.9,0.536,0.569,1.2,1.5,0.782,0.8,2.0,2.8,0.7,0.7,0.0,0.5,1.4,6.0
636,36,23,18.4,1.3,2.4,0.545,0.0,0.0,,1.3,2.4,0.545,0.545,1.4,2.2,0.646,1.7,1.9,3.5,0.4,0.6,0.2,0.8,2.2,4.1
637,36,8,19.6,1.5,3.1,0.491,0.9,2.2,0.392,0.6,0.9,0.742,0.632,0.8,1.0,0.806,0.9,2.8,3.6,0.4,0.4,0.2,0.3,2.0,4.7
638,2,2,13.0,2.0,3.0,0.667,0.0,0.5,0.0,2.0,2.5,0.8,0.667,2.5,3.5,0.714,0.5,3.0,3.5,0.0,0.0,1.5,0.5,0.0,6.5
639,36,36,30.9,4.3,9.2,0.465,2.1,4.7,0.444,2.2,4.5,0.488,0.579,3.1,3.7,0.848,0.3,1.8,2.1,1.8,0.5,0.0,1.2,1.1,13.8
640,36,5,15.0,1.3,3.2,0.391,0.6,2.0,0.31,0.6,1.2,0.523,0.487,0.7,0.8,0.926,0.5,1.4,1.9,0.8,0.4,0.1,0.4,1.1,3.8
641,4,0,1.5,0.0,0.3,0.0,0.0,0.0,,0.0,0.3,0.0,0.0,0.3,0.5,0.5,0.0,0.0,0.0,0.0,0.0,0.0,0.5,0.0,0.3
642,5,0,1.4,0.0,0.0,,0.0,0.0,,0.0,0.0,,,0.0,0.0,,0.0,0.2,0.2,0.0,0.0,0.0,0.0,0.2,0.0
643,2,0,1.0,0.0,0.0,,0.0,0.0,,0.0,0.0,,,0.0,0.0,,0.0,0.0,0.0,0.0,0.0,0.0,0.0,0.0,0.0
644,36,8,17.8,1.9,5.2,0.374,1.1,3.6,0.313,0.8,1.6,0.518,0.484,0.4,0.6,0.667,0.5,2.1,2.6,0.5,0.6,0.2,0.6,1.8,5.4
645,31,0,6.4,0.7,1.4,0.535,0.2,0.5,0.4,0.5,0.9,0.607,0.605,0.2,0.5,0.412,0.5,0.7,1.3,0.2,0.3,0.1,0.3,0.8,1.9
646,6,0,2.2,0.2,0.3,0.5,0.0,0.0,,0.2,0.3,0.5,0.5,0.0,0.0,,0.2,0.3,0.5,0.0,0.0,0.0,0.2,0.5,0.3
647,36,36,30.8,8.1,13.6,0.595,0.1,0.2,0.429,8.0,13.4,0.597,0.598,3.8,5.8,0.648,2.6,3.9,6.5,2.2,0.7,0.3,2.2,2.9,20.1
648,22,3,6.1,0.7,0.9,0.842,0.0,0.0,,0.7,0.9,0.842,0.842,0.4,0.7,0.5,0.4,0.9,1.3,0.3,0.1,0.2,0.4,1.3,1.8
649,35,35,29.3,5.0,9.2,0.548,1.3,3.1,0.413,3.7,6.1,0.618,0.618,2.8,3.6,0.784,2.3,6.8,9.1,3.2,1.4,1.2,2.3,2.3,14.1
650,35,31,29.1,4.8,9.1,0.531,0.6,2.2,0.276,4.2,6.9,0.612,0.564,3.0,4.4,0.688,2.2,3.7,5.9,1.3,1.0,2.3,1.4,3.3,13.3
651,9,0,8.7,1.7,3.6,0.469,0.3,1.4,0.231,1.3,2.1,0.632,0.516,0.8,1.0,0.778,0.9,1.1,2.0,0.0,0.2,0.1,0.6,0.8,4.4
652,26,0,7.7,0.4,0.8,0.5,0.0,0.0,,0.4,0.8,0.5,0.5,0.0,0.2,0.2,0.7,0.8,1.5,0.3,0.3,0.1,0.2,0.6,0.8
653,35,32,28.4,2.9,7.2,0.403,1.6,4.1,0.392,1.3,3.1,0.418,0.514,1.6,2.1,0.792,0.5,1.7,2.3,3.2,0.6,0.0,2.1,2.1,9.1
654,25,0,12.0,0.7,3.0,0.243,0.4,2.1,0.212,0.3,0.9,0.318,0.318,0.6,0.7,0.941,0.1,1.0,1.0,1.0,0.8,0.0,0.6,1.4,2.5
655,34,4,16.1,1.9,3.7,0.512,0.0,0.1,0.333,1.9,3.6,0.516,0.516,1.0,1.8,0.55,1.9,1.8,3.7,0.6,0.2,0.3,0.7,1.8,4.8
656,34,33,29.9,3.4,7.7,0.443,0.8,2.1,0.384,2.6,5.6,0.466,0.496,3.7,4.6,0.814,1.1,2.7,3.8,1.4,0.5,0.3,1.6,2.5,11.4
657,30,28,36.1,5.3,14.4,0.37,1.5,5.1,0.288,3.9,9.3,0.416,0.421,2.8,4.6,0.601,1.3,3.4,4.7,5.2,1.7,0.2,3.0,2.2,14.9
658,4,0,4.3,0.3,2.8,0.091,0.3,0.5,0.5,0.0,2.3,0.0,0.136,0.3,0.5,0.5,0.8,0.8,1.5,0.0,0.0,0.0,1.3,1.5,1.0
659,35,12,23.8,2.9,6.5,0.445,1.5,3.9,0.397,1.3,2.6,0.516,0.564,0.9,1.2,0.786,1.2,1.8,3.0,1.0,0.3,0.1,0.7,1.2,8.3
660,4,0,1.8,0.5,0.8,0.667,0.0,0.3,0.0,0.5,0.5,1.0,0.667,0.0,0.0,,0.0,0.5,0.5,0.0,0.3,0.0,0.0,0.3,1.0
661,26,16,16.6,1.8,3.3,0.547,0.0,0.0,,1.8,3.3,0.547,0.547,0.9,1.8,0.5,1.8,2.0,3.8,0.7,0.3,1.8,0.7,1.4,4.5
662,34,34,31.1,4.3,8.9,0.485,1.2,2.6,0.449,3.1,6.2,0.5,0.551,2.1,2.9,0.73,0.8,3.2,4.1,2.9,0.8,0.2,2.1,1.9,11.9
663,13,0,5.7,0.8,2.4,0.323,0.5,1.4,0.389,0.2,1.0,0.231,0.435,0.0,0.0,,0.3,1.2,1.5,0.2,0.2,0.1,0.2,0.2,2.1
664,10,0,15.1,2.2,4.1,0.537,0.2,0.9,0.222,2.0,3.2,0.625,0.561,1.3,2.2,0.591,1.6,2.7,4.3,0.7,0.4,0.5,1.1,2.6,5.9
665,33,0,12.0,0.9,2.2,0.425,0.1,0.3,0.364,0.8,1.9,0.435,0.452,0.3,0.5,0.688,0.8,1.5,2.4,1.6,0.5,0.0,0.6,1.5,2.3
666,34,34,29.6,2.4,6.8,0.359,1.0,3.5,0.275,1.5,3.3,0.45,0.431,0.4,0.8,0.429,0.9,2.4,3.3,1.1,0.9,0.3,1.0,1.4,6.2
667,15,0,5.5,0.5,1.5,0.348,0.3,1.1,0.235,0.3,0.4,0.667,0.435,0.0,0.1,0.0,0.0,0.3,0.3,0.1,0.2,0.0,0.1,0.4,1.3
668,3,0,18.0,3.7,7.7,0.478,0.0,1.3,0.0,3.7,6.3,0.579,0.478,0.7,2.3,0.286,3.7,3.0,6.7,0.7,0.7,0.3,0.7,1.3,8.0
669,9,0,5.0,0.8,1.9,0.412,0.1,0.6,0.2,0.7,1.3,0.5,0.441,0.0,0.1,0.0,0.1,0.6,0.7,0.0,0.4,0.0,0.2,0.4,1.7
670,34,0,11.8,1.1,2.9,0.398,0.6,1.5,0.385,0.6,1.4,0.413,0.5,0.5,0.6,0.727,0.3,1.0,1.3,0.6,0.4,0.0,0.3,1.2,3.4
671,24,17,14.5,2.5,4.5,0.546,0.0,0.3,0.125,2.4,4.2,0.58,0.551,1.0,1.5,0.622,1.2,2.0,3.2,0.8,0.2,1.0,1.0,2.4,5.9
672,34,1,18.6,2.5,5.4,0.462,0.1,0.3,0.444,2.4,5.1,0.462,0.473,0.6,2.1,0.278,1.5,2.4,3.9,0.8,0.6,0.4,0.9,2.0,5.6
673,34,34,32.3,5.8,14.2,0.409,2.7,8.0,0.339,3.1,6.2,0.498,0.504,4.8,5.6,0.844,0.5,4.1,4.6,3.7,1.9,0.1,2.5,2.4,19.1
674,6,0,4.0,0.5,1.2,0.429,0.0,0.3,0.0,0.5,0.8,0.6,0.429,0.0,0.0,,0.0,0.5,0.5,0.8,0.2,0.0,0.0,0.7,1.0
675,34,34,30.9,3.7,9.6,0.388,1.2,3.9,0.308,2.5,5.7,0.443,0.451,2.4,3.2,0.761,1.9,5.1,7.0,1.4,0.8,0.7,1.5,2.0,11.1
676,20,0,5.8,1.1,1.7,0.647,0.0,0.0,,1.1,1.7,0.647,0.647,0.2,0.7,0.308,1.0,1.0,2.0,0.1,0.2,0.3,0.2,0.6,2.4
677,33,0,9.5,0.7,2.0,0.354,0.4,1.3,0.31,0.3,0.7,0.435,0.454,0.3,0.4,0.917,0.3,0.9,1.2,0.4,0.3,0.2,0.3,0.9,2.1
678,35,35,34.8,5.0,11.2,0.446,1.5,4.2,0.347,3.5,7.0,0.506,0.511,2.7,3.5,0.793,0.4,2.7,3.1,5.9,1.3,0.1,2.1,2.0,14.2
679,23,0,3.2,0.1,0.6,0.231,0.0,0.3,0.125,0.1,0.2,0.4,0.269,0.1,0.3,0.429,0.0,0.3,0.3,0.7,0.2,0.0,0.3,0.2,0.4
680,34,0,13.1,1.7,3.2,0.546,0.0,0.0,,1.7,3.2,0.546,0.546,1.8,2.2,0.824,1.4,2.1,3.4,0.3,0.2,1.0,1.1,1.5,5.3
681,35,35,26.7,3.0,7.9,0.38,0.7,2.3,0.293,2.3,5.5,0.418,0.424,1.6,2.4,0.687,0.3,2.7,3.1,2.6,0.7,0.3,0.8,1.3,8.3
682,24,0,3.5,0.2,0.7,0.294,0.1,0.5,0.273,0.1,0.3,0.333,0.382,0.0,0.1,0.5,0.0,0.2,0.2,0.3,0.1,0.0,0.2,0.1,0.6
683,15,0,2.2,0.3,0.7,0.5,0.1,0.4,0.333,0.2,0.3,0.75,0.6,0.0,0.0,,0.0,0.3,0.3,0.3,0.0,0.0,0.1,0.3,0.8
684,35,35,36.5,3.8,8.3,0.455,1.1,3.8,0.28,2.7,4.5,0.601,0.519,1.2,1.6,0.719,2.6,4.2,6.8,1.4,0.7,0.4,0.9,2.3,9.8
685,35,0,16.0,3.0,7.4,0.402,1.7,4.4,0.374,1.3,3.0,0.442,0.514,0.6,0.8,0.724,0.3,1.3,1.7,0.6,0.7,0.2,0.8,0.9,8.2
686,35,35,29.9,4.4,8.1,0.546,0.0,0.1,0.5,4.4,8.0,0.546,0.548,2.0,3.8,0.515,4.0,3.9,7.9,1.7,1.3,1.3,1.4,2.9,10.8
687,35,35,26.9,4.4,9.8,0.447,0.9,3.2,0.292,3.4,6.5,0.524,0.496,2.4,3.2,0.743,2.3,5.4,7.7,1.3,0.6,0.4,1.2,2.5,12.1
688,36,30,27.2,3.0,7.8,0.389,1.4,4.8,0.293,1.6,2.9,0.547,0.48,0.9,1.2,0.81,1.9,2.4,4.3,1.0,1.4,0.6,0.6,2.8,8.4
689,10,2,16.5,2.0,4.3,0.465,1.2,3.2,0.375,0.8,1.1,0.727,0.605,0.5,0.6,0.833,0.5,1.7,2.2,0.7,0.4,0.0,0.3,1.6,5.7
690,30,17,27.1,3.4,9.0,0.38,1.0,2.9,0.352,2.4,6.1,0.393,0.437,1.4,2.1,0.667,1.0,3.9,4.9,3.9,1.4,0.4,1.6,1.7,9.3
691,22,0,6.4,0.8,2.2,0.347,0.5,1.4,0.333,0.3,0.9,0.368,0.449,0.2,0.3,0.571,0.0,0.2,0.2,0.3,0.1,0.1,0.5,0.3,2.2
692,36,35,32.3,5.3,10.9,0.487,0.2,1.1,0.175,5.1,9.8,0.523,0.496,1.6,3.1,0.536,1.3,5.1,6.4,5.3,2.0,0.9,2.0,2.0,12.4
693,1,0,3.0,0.0,0.0,,0.0,0.0,,0.0,0.0,,,0.0,1.0,0.0,1.0,0.0,1.0,0.0,0.0,0.0,0.0,1.0,0.0
694,25,0,4.8,0.5,1.6,0.333,0.2,1.0,0.231,0.3,0.5,0.538,0.41,0.1,0.2,0.6,0.2,0.3,0.5,0.3,0.1,0.1,0.2,0.4,1.4
695,35,32,31.8,6.5,14.9,0.439,1.3,3.9,0.336,5.2,11.0,0.475,0.483,3.8,5.1,0.747,2.1,5.0,7.2,2.0,1.4,0.6,2.2,2.2,18.2
696,33,1,7.7,0.6,1.5,0.4,0.1,0.5,0.176,0.5,1.0,0.515,0.43,0.3,0.5,0.563,0.6,0.9,1.5,0.3,0.4,0.3,0.1,0.9,1.6
697,31,2,8.0,0.6,1.9,0.345,0.4,1.0,0.387,0.3,0.9,0.296,0.448,0.2,0.3,0.75,0.4,1.0,1.4,0.3,0.2,0.2,0.2,0.7,1.9
698,36,25,25.4,3.2,7.8,0.407,0.9,3.1,0.297,2.3,4.7,0.479,0.466,0.8,1.1,0.737,0.4,1.5,1.9,1.4,1.1,0.4,1.4,2.7,8.0
699,34,1,7.1,1.1,2.1,0.542,0.0,0.1,0.0,1.1,2.0,0.565,0.542,0.4,0.5,0.722,0.5,1.2,1.7,0.1,0.1,0.5,0.4,1.0,2.7
700,36,35,31.8,5.0,8.6,0.577,0.3,1.3,0.222,4.7,7.4,0.638,0.594,4.4,6.3,0.708,4.4,3.7,8.1,1.6,0.9,1.4,1.7,2.5,14.7
701,28,0,3.8,0.1,0.4,0.273,0.0,0.2,0.0,0.1,0.2,0.5,0.273,0.0,0.1,0.5,0.2,0.4,0.6,0.5,0.2,0.0,0.5,0.4,0.3
702,38,0,15.0,1.8,2.8,0.63,0.0,0.0,0.0,1.8,2.8,0.636,0.63,1.1,1.9,0.541,1.7,1.8,3.5,0.6,0.2,0.9,0.4,1.8,4.6
703,4,0,10.5,1.3,2.0,0.625,0.5,1.3,0.4,0.8,0.8,1.0,0.75,1.8,2.3,0.778,0.3,1.3,1.5,1.0,0.0,0.5,0.3,1.3,4.8
704,6,0,1.0,0.2,0.2,1.0,0.0,0.0,,0.2,0.2,1.0,1.0,0.0,0.0,,0.0,0.0,0.0,0.0,0.0,0.0,0.0,0.0,0.3
705,38,38,31.4,6.4,14.8,0.431,3.2,8.2,0.395,3.2,6.7,0.474,0.54,2.0,2.6,0.758,0.5,3.4,3.9,1.1,0.9,0.1,1.1,1.6,18.0
706,33,1,9.7,1.2,3.2,0.39,0.5,1.9,0.254,0.8,1.3,0.595,0.467,0.4,0.7,0.591,0.6,1.2,1.8,0.5,0.2,0.2,0.4,0.7,3.4
707,38,38,25.8,2.9,5.0,0.589,0.0,0.0,1.0,2.9,5.0,0.587,0.592,1.2,1.7,0.719,2.4,4.0,6.4,0.3,0.2,1.7,1.1,2.4,7.1
708,6,0,1.0,0.0,0.2,0.0,0.0,0.0,,0.0,0.2,0.0,0.0,0.0,0.0,,0.0,0.3,0.3,0.0,0.0,0.0,0.0,0.0,0.0
709,9,0,1.2,0.4,1.0,0.444,0.0,0.3,0.0,0.4,0.7,0.667,0.444,0.0,0.0,,0.0,0.1,0.1,0.1,0.1,0.0,0.1,0.2,0.9
710,37,37,25.4,3.4,7.2,0.472,1.0,3.3,0.314,2.4,3.9,0.604,0.543,1.6,2.2,0.735,1.9,4.8,6.7,1.9,0.7,0.7,1.5,2.5,9.4
711,3,0,10.3,2.0,3.0,0.667,0.0,0.0,,2.0,3.0,0.667,0.667,0.7,1.0,0.667,1.0,1.7,2.7,0.3,0.0,0.7,0.0,1.3,4.7
712,38,38,28.2,1.9,4.3,0.454,0.5,1.5,0.351,1.4,2.8,0.509,0.515,1.6,2.2,0.723,1.4,2.9,4.2,1.5,1.7,0.5,0.9,2.3,6.0
713,38,1,27.8,3.6,8.9,0.405,1.3,4.2,0.304,2.3,4.7,0.497,0.478,3.1,3.8,0.813,0.7,2.6,3.3,1.9,1.0,0.4,0.9,1.8,11.6
714,37,37,34.2,4.0,9.9,0.404,1.7,5.4,0.322,2.3,4.5,0.503,0.492,3.9,4.8,0.814,0.5,2.4,2.9,7.4,1.9,0.2,3.0,1.9,13.6
715,34,11,24.4,1.9,3.9,0.489,0.6,1.7,0.386,1.3,2.2,0.566,0.571,1.6,2.3,0.696,2.4,3.9,6.2,1.6,1.0,0.6,1.1,2.3,6.1
716,34,0,10.5,1.4,3.4,0.409,1.3,3.1,0.406,0.1,0.3,0.444,0.596,0.3,0.4,0.833,0.0,0.7,0.8,0.3,0.2,0.1,0.4,0.7,4.3
717,7,0,6.4,0.4,1.1,0.375,0.0,0.0,,0.4,1.1,0.375,0.375,0.4,0.6,0.75,1.3,0.9,2.1,0.3,0.1,0.3,0.1,0.1,1.3
718,32,18,15.2,1.6,4.1,0.379,0.7,2.5,0.284,0.8,1.6,0.529,0.466,0.6,0.8,0.731,0.7,1.0,1.7,0.6,0.6,0.3,0.6,1.5,4.4
719,34,26,21.6,2.9,5.3,0.553,0.0,0.0,0.0,2.9,5.2,0.556,0.553,1.6,2.4,0.691,2.9,2.7,5.5,0.5,0.9,0.1,0.7,1.3,7.5
720,33,6,17.4,1.4,3.6,0.381,0.5,2.1,0.261,0.8,1.5,0.551,0.458,0.6,1.6,0.396,1.0,2.3,3.3,0.5,0.7,0.2,0.5,1.5,3.9
721,6,0,4.8,0.5,1.5,0.333,0.0,0.8,0.0,0.5,0.7,0.75,0.333,0.0,0.0,,0.3,0.5,0.8,0.2,0.0,0.2,0.0,0.3,1.0
722,34,15,16.4,2.2,5.9,0.368,0.4,1.3,0.349,1.7,4.6,0.373,0.405,1.7,2.3,0.747,0.3,1.3,1.6,1.2,0.3,0.3,1.1,1.9,6.5
723,34,14,20.1,3.8,5.8,0.646,0.0,0.0,,3.8,5.8,0.646,0.646,2.8,4.9,0.582,2.6,2.5,5.1,0.4,0.3,1.1,1.3,2.0,10.4
724,1,0,7.0,1.0,4.0,0.25,0.0,0.0,,1.0,4.0,0.25,0.25,0.0,0.0,,1.0,0.0,1.0,1.0,0.0,0.0,0.0,2.0,2.0
725,32,23,22.2,1.5,4.3,0.358,0.3,1.7,0.189,1.2,2.6,0.464,0.394,1.3,1.8,0.695,2.3,2.8,5.1,0.8,0.8,1.2,0.9,2.6,4.7
726,30,30,30.5,4.5,12.7,0.354,2.4,7.4,0.318,2.1,5.3,0.405,0.448,4.3,5.0,0.866,0.2,2.8,3.0,4.3,1.3,0.1,2.6,2.5,15.7
727,33,27,27.9,4.8,13.2,0.363,1.1,4.1,0.259,3.7,9.1,0.41,0.403,2.9,4.2,0.693,1.1,3.8,5.0,2.3,1.8,0.1,2.9,1.7,13.6
728,31,30,32.8,4.8,9.3,0.523,2.3,5.3,0.433,2.5,4.0,0.642,0.646,2.2,2.5,0.885,1.0,3.1,4.0,1.8,0.7,0.1,1.0,1.5,14.2
729,35,7,30.6,3.4,7.9,0.429,2.0,5.3,0.38,1.3,2.5,0.534,0.558,1.9,2.3,0.802,0.5,2.5,3.0,2.2,1.2,0.1,1.0,2.3,10.6
730,9,0,1.4,0.0,0.0,,0.0,0.0,,0.0,0.0,,,0.1,0.2,0.5,0.2,0.2,0.4,0.1,0.1,0.1,0.1,0.0,0.1
731,34,34,30.0,5.5,12.5,0.439,1.4,4.1,0.34,4.1,8.3,0.488,0.495,2.7,3.2,0.836,1.6,3.9,5.5,3.6,1.3,0.4,1.9,2.2,15.1
732,6,2,17.7,2.2,3.7,0.591,0.7,1.2,0.571,1.5,2.5,0.6,0.682,0.5,0.7,0.75,1.2,2.3,3.5,0.3,0.3,0.0,1.0,1.5,5.5
733,8,1,11.3,1.3,2.3,0.556,0.4,0.8,0.5,0.9,1.5,0.583,0.639,0.4,0.9,0.429,0.8,1.6,2.4,0.8,0.3,0.1,0.5,1.0,3.3
734,35,34,31.9,2.6,8.1,0.323,1.5,4.9,0.316,1.1,3.3,0.333,0.418,2.3,2.7,0.842,0.5,3.0,3.5,6.5,1.5,0.1,2.0,2.7,9.1
735,35,6,18.9,2.1,2.9,0.743,0.0,0.0,,2.1,2.9,0.743,0.743,0.9,1.7,0.492,2.3,2.2,4.5,0.7,0.4,0.8,0.7,2.1,5.1
736,33,33,27.2,7.5,13.5,0.554,0.5,1.7,0.327,6.9,11.8,0.586,0.574,2.8,4.1,0.676,3.2,6.2,9.4,1.2,0.8,1.5,1.5,2.3,18.2
737,11,0,1.9,0.1,0.3,0.333,0.0,0.2,0.0,0.1,0.1,1.0,0.333,0.0,0.0,,0.3,0.2,0.5,0.0,0.0,0.0,0.2,0.3,0.2
738,37,37,18.6,1.9,5.0,0.387,1.7,4.3,0.396,0.2,0.7,0.333,0.556,0.4,0.6,0.762,0.4,0.9,1.3,0.5,0.2,0.2,0.4,1.4,6.0
739,36,1,22.3,2.6,6.3,0.422,1.1,3.3,0.331,1.6,3.0,0.523,0.509,1.5,1.9,0.779,0.9,2.8,3.7,0.9,0.5,0.2,0.9,1.9,7.8
740,9,0,2.6,0.1,0.4,0.25,0.0,0.1,0.0,0.1,0.3,0.333,0.25,0.0,0.0,,0.2,0.3,0.6,0.0,0.1,0.1,0.1,0.2,0.2
741,15,1,3.2,0.3,0.7,0.455,0.1,0.5,0.25,0.2,0.2,1.0,0.545,0.3,0.4,0.833,0.1,0.3,0.4,0.1,0.0,0.0,0.5,0.4,1.1
742,34,3,16.5,1.8,4.3,0.408,0.9,2.6,0.356,0.8,1.7,0.491,0.517,0.7,0.9,0.75,0.4,1.2,1.6,1.3,0.6,0.0,0.6,0.7,5.2
743,34,33,21.9,2.7,5.6,0.487,0.6,1.9,0.333,2.1,3.7,0.563,0.542,1.8,2.5,0.721,1.9,2.9,4.8,0.7,0.6,0.8,1.1,2.3,7.9
744,15,0,2.2,0.4,0.9,0.429,0.1,0.6,0.111,0.3,0.3,1.0,0.464,0.1,0.2,0.667,0.1,0.3,0.3,0.2,0.1,0.0,0.1,0.1,1.0
745,32,0,10.0,1.7,3.2,0.545,0.1,0.3,0.375,1.6,2.9,0.559,0.559,1.0,1.5,0.688,1.1,1.0,2.2,0.1,0.3,0.7,0.4,0.8,4.6
746,15,0,2.5,0.1,0.5,0.125,0.0,0.3,0.0,0.1,0.3,0.25,0.125,0.1,0.3,0.25,0.2,0.4,0.6,0.1,0.1,0.0,0.3,0.2,0.2
747,30,2,8.2,0.5,1.6,0.298,0.2,0.7,0.3,0.3,0.9,0.296,0.362,0.2,0.3,0.6,0.4,1.0,1.4,0.4,0.4,0.1,0.6,0.6,1.3
748,34,30,21.4,2.4,6.5,0.362,1.3,4.4,0.289,1.1,2.1,0.514,0.459,0.9,1.4,0.66,0.6,2.1,2.7,1.7,0.7,0.4,1.7,2.1,6.9
749,33,29,28.2,3.6,7.9,0.458,0.7,2.3,0.286,2.9,5.5,0.53,0.5,4.3,5.4,0.798,1.2,2.9,4.1,1.4,1.5,0.6,2.2,2.8,12.2
750,29,1,8.6,1.0,1.7,0.612,0.0,0.0,,1.0,1.7,0.612,0.612,0.7,1.3,0.541,1.1,0.8,1.9,0.2,0.3,0.6,0.5,1.1,2.8
751,34,34,30.4,5.4,11.6,0.471,1.1,4.0,0.27,4.4,7.5,0.578,0.518,2.3,3.4,0.664,1.9,2.6,4.6,4.8,2.9,0.4,2.7,2.4,14.2
752,30,1,14.4,1.8,4.2,0.424,0.8,2.7,0.309,0.9,1.5,0.636,0.524,0.9,1.2,0.771,0.7,2.4,3.1,0.5,0.4,0.4,0.6,1.1,5.3
753,34,33,25.3,3.1,7.5,0.417,1.4,4.6,0.295,1.8,2.9,0.612,0.508,1.9,2.6,0.73,2.5,4.4,6.9,1.0,1.1,0.5,0.8,1.6,9.5
754,34,3,16.8,1.3,4.0,0.333,0.7,2.2,0.303,0.6,1.7,0.373,0.419,1.1,1.5,0.74,0.5,1.7,2.2,1.9,0.9,0.3,1.2,1.3,4.4
755,35,0,13.0,1.5,3.3,0.44,1.1,2.8,0.392,0.4,0.5,0.684,0.603,0.1,0.2,0.571,0.4,0.9,1.3,0.5,0.4,0.0,0.3,0.8,4.1
756,35,35,29.8,6.2,10.7,0.576,0.4,1.4,0.313,5.7,9.3,0.615,0.596,6.4,8.5,0.751,1.4,4.1,5.4,3.6,1.2,0.4,2.0,2.1,19.1
757,20,0,5.4,1.0,2.1,0.452,0.7,1.6,0.452,0.3,0.6,0.455,0.619,0.1,0.1,1.0,0.4,0.6,1.0,0.2,0.2,0.1,0.2,0.5,2.7
758,35,35,29.0,1.8,4.1,0.448,0.6,1.8,0.328,1.2,2.3,0.544,0.521,1.4,1.8,0.75,1.1,2.8,3.8,3.0,2.2,0.3,1.1,2.9,5.6
759,35,35,32.2,4.2,8.8,0.479,1.8,4.4,0.418,2.4,4.4,0.539,0.583,0.9,1.4,0.688,0.7,2.4,3.1,3.3,3.1,0.2,1.3,1.7,11.2
760,18,0,4.3,0.8,1.9,0.4,0.5,1.6,0.321,0.3,0.4,0.714,0.529,0.1,0.1,1.0,0.2,0.6,0.8,0.4,0.2,0.1,0.1,0.6,2.1
761,35,0,19.3,2.5,5.4,0.463,1.0,3.0,0.34,1.5,2.3,0.622,0.559,0.6,0.9,0.688,0.7,2.8,3.5,0.7,0.7,0.3,0.8,2.9,6.6
762,33,2,13.3,1.0,1.6,0.604,0.1,0.2,0.25,0.9,1.4,0.667,0.623,0.3,0.6,0.5,1.0,1.8,2.8,0.8,0.2,0.2,0.3,1.4,2.3
763,1,0,20.0,1.0,6.0,0.167,1.0,1.0,1.0,0.0,5.0,0.0,0.25,0.0,0.0,,1.0,4.0,5.0,0.0,0.0,0.0,1.0,1.0,3.0
764,34,33,25.0,3.4,8.7,0.39,1.6,5.2,0.307,1.8,3.5,0.513,0.481,2.4,3.1,0.748,1.5,3.7,5.2,1.2,0.8,0.4,1.3,2.6,10.7
765,20,0,5.4,0.4,0.8,0.5,0.2,0.5,0.333,0.3,0.4,0.714,0.594,0.1,0.1,0.5,0.3,0.4,0.7,0.8,0.2,0.0,0.2,0.6,1.0
766,35,35,30.5,5.7,13.6,0.415,3.3,8.9,0.377,2.3,4.8,0.485,0.538,2.0,2.3,0.863,0.3,3.8,4.1,1.7,0.9,0.2,0.7,1.3,16.6
767,3,0,5.7,0.7,1.7,0.4,0.3,1.3,0.25,0.3,0.3,1.0,0.5,0.3,0.7,0.5,0.0,0.7,0.7,0.7,0.7,0.0,0.0,0.3,2.0
768,33,1,13.1,2.6,4.4,0.59,0.0,0.0,,2.6,4.4,0.59,0.59,1.2,2.2,0.577,1.8,2.2,4.0,1.0,0.2,1.6,0.8,1.4,6.4
769,11,0,7.4,0.4,2.4,0.154,0.2,1.6,0.111,0.2,0.7,0.25,0.192,0.2,0.2,1.0,0.2,0.5,0.6,0.1,0.4,0.0,0.3,0.5,1.1
770,32,29,24.8,2.7,7.0,0.379,1.1,3.3,0.327,1.6,3.8,0.425,0.455,0.5,0.7,0.696,0.3,1.2,1.6,3.4,0.6,0.1,1.7,0.9,6.9
771,33,33,23.5,4.2,8.4,0.507,1.0,2.7,0.378,3.2,5.6,0.57,0.569,1.9,2.6,0.721,1.2,2.7,4.0,1.4,1.3,0.2,1.0,2.7,11.4
772,7,0,2.1,0.1,0.6,0.25,0.0,0.3,0.0,0.1,0.3,0.5,0.25,0.0,0.0,,0.0,0.1,0.1,0.0,0.0,0.0,0.0,0.0,0.3
773,34,34,29.0,2.9,6.1,0.464,1.1,3.1,0.362,1.7,3.1,0.567,0.555,1.1,1.6,0.704,1.8,4.1,5.9,2.9,1.6,0.3,1.5,2.9,7.9
774,34,5,16.4,1.7,4.1,0.404,0.7,2.2,0.32,1.0,1.9,0.5,0.489,0.6,0.6,0.955,0.7,1.2,1.9,0.9,0.5,0.0,0.5,1.3,4.7
775,34,1,21.0,3.0,7.0,0.426,0.6,2.1,0.314,2.3,4.9,0.473,0.473,3.0,4.0,0.743,0.3,1.8,2.1,1.7,0.9,0.0,1.4,1.7,9.6
776,34,34,26.3,2.9,6.4,0.458,1.4,3.6,0.397,1.5,2.8,0.537,0.569,1.2,1.6,0.778,0.8,2.0,2.8,2.7,1.3,0.1,1.1,2.2,8.5
777,32,0,11.3,1.0,2.6,0.369,0.4,1.1,0.343,0.6,1.5,0.388,0.44,1.4,1.6,0.863,0.5,1.1,1.7,0.7,0.6,0.1,0.5,1.1,3.7
778,33,33,26.5,5.2,10.5,0.496,1.2,2.9,0.4,4.0,7.6,0.532,0.551,2.0,2.8,0.717,1.5,3.1,4.6,1.5,0.9,0.3,1.2,2.2,13.5
779,32,0,9.8,1.2,1.7,0.704,0.0,0.0,,1.2,1.7,0.704,0.704,0.5,1.3,0.395,0.8,1.0,1.8,0.4,0.2,0.6,0.4,1.1,2.9
780,18,0,6.4,0.6,1.6,0.357,0.2,0.9,0.188,0.4,0.7,0.583,0.411,0.2,0.4,0.571,0.4,0.6,0.9,1.1,0.2,0.2,0.5,0.6,1.5
781,34,5,12.4,1.5,4.1,0.377,0.7,1.9,0.359,0.9,2.2,0.392,0.46,0.7,1.0,0.758,0.1,0.7,0.8,1.3,0.2,0.0,0.6,1.5,4.5
782,33,33,35.9,4.9,11.2,0.438,2.1,5.9,0.347,2.8,5.2,0.541,0.53,2.5,3.0,0.828,1.6,3.6,5.3,2.8,0.6,1.5,1.3,2.0,14.3
783,35,28,27.9,2.6,6.1,0.421,0.7,2.3,0.288,1.9,3.8,0.5,0.474,1.9,2.3,0.84,1.3,2.3,3.7,5.7,1.6,0.3,2.1,2.2,7.7
784,9,0,3.6,0.6,1.2,0.455,0.3,0.8,0.429,0.2,0.4,0.5,0.591,0.1,0.1,1.0,0.2,0.3,0.6,0.0,0.1,0.0,0.2,0.6,1.6
785,33,1,11.4,1.0,2.4,0.405,0.3,1.4,0.222,0.7,1.0,0.647,0.468,0.1,0.2,0.667,0.3,1.2,1.5,0.8,0.3,0.4,0.3,1.3,2.4
786,35,12,17.8,2.1,3.8,0.545,0.7,1.9,0.364,1.4,1.9,0.721,0.634,0.5,0.7,0.72,0.9,1.5,2.4,0.9,0.1,0.3,0.7,1.7,5.4
787,27,26,32.1,4.4,11.5,0.381,1.7,5.4,0.317,2.7,6.1,0.436,0.455,4.1,4.7,0.866,0.9,5.0,6.0,2.3,0.6,0.2,1.9,2.0,14.5
788,34,34,19.4,3.2,4.1,0.766,0.0,0.0,,3.2,4.1,0.766,0.766,1.1,1.5,0.76,1.4,2.1,3.5,1.0,0.7,1.5,1.1,2.9,7.5
789,35,35,31.7,4.7,10.8,0.439,2.8,6.8,0.414,1.9,4.0,0.482,0.57,2.1,2.5,0.841,0.7,2.9,3.6,1.6,0.7,0.4,1.0,2.0,14.4
790,35,1,19.9,3.9,5.8,0.67,0.0,0.0,,3.9,5.8,0.67,0.67,1.9,2.9,0.644,2.7,4.6,7.3,1.0,0.7,1.6,1.2,2.7,9.6
791,16,0,2.6,0.2,0.3,0.75,0.0,0.0,,0.2,0.3,0.75,0.75,0.0,0.0,,0.2,0.6,0.8,0.1,0.1,0.2,0.1,0.7,0.4
792,33,31,17.7,2.6,3.5,0.744,0.0,0.2,0.2,2.6,3.4,0.768,0.748,1.1,1.9,0.571,1.9,2.3,4.2,0.5,0.3,0.7,1.1,2.5,6.4
793,3,0,7.7,1.0,1.0,1.0,0.7,0.7,1.0,0.3,0.3,1.0,1.333,0.0,0.0,,0.3,0.3,0.7,0.7,0.7,0.0,0.0,1.7,2.7
794,34,13,25.0,2.6,5.8,0.455,1.5,3.5,0.424,1.2,2.4,0.5,0.581,1.4,1.8,0.754,0.9,2.4,3.2,1.0,0.6,0.0,0.7,1.6,8.1
795,34,23,18.8,2.7,4.9,0.548,0.4,0.9,0.433,2.3,4.1,0.572,0.586,2.0,2.9,0.687,0.7,1.8,2.5,1.7,0.9,0.1,1.1,1.7,7.8
796,32,11,21.1,2.5,5.5,0.457,0.7,2.3,0.288,1.8,3.2,0.578,0.517,1.3,2.2,0.623,0.5,1.4,1.9,3.8,1.2,0.4,1.5,1.7,7.0
797,34,34,29.5,4.9,11.1,0.435,2.3,6.3,0.366,2.6,4.9,0.524,0.538,4.4,5.0,0.876,0.8,2.6,3.4,2.7,0.9,0.3,1.8,2.0,16.4
798,19,0,5.8,0.6,0.9,0.706,0.0,0.1,0.0,0.6,0.8,0.75,0.706,0.8,1.1,0.8,0.5,0.7,1.2,0.3,0.1,0.0,0.2,1.2,2.1
799,30,12,8.7,1.3,3.1,0.435,0.6,1.7,0.333,0.8,1.4,0.561,0.527,0.4,0.6,0.722,0.6,1.1,1.7,0.3,0.4,0.2,0.4,1.1,3.7
800,11,0,2.5,0.4,1.1,0.333,0.4,1.0,0.364,0.0,0.1,0.0,0.5,0.2,0.2,1.0,0.0,0.1,0.1,0.1,0.0,0.0,0.0,0.1,1.3
801,33,0,11.4,0.6,1.6,0.396,0.3,0.9,0.345,0.3,0.7,0.458,0.491,0.0,0.0,0.0,0.2,0.6,0.8,2.1,1.1,0.0,0.8,1.2,1.6
802,34,3,17.0,2.8,5.3,0.525,0.4,1.3,0.295,2.4,4.0,0.6,0.561,1.5,2.6,0.586,2.0,3.0,5.0,0.8,0.5,0.6,0.7,2.6,7.4
803,34,34,32.3,5.8,11.6,0.497,1.6,4.0,0.39,4.2,7.6,0.554,0.564,1.8,3.1,0.579,1.3,5.0,6.3,3.7,2.3,0.1,2.1,2.1,15.0
804,34,9,16.9,2.0,5.3,0.376,1.1,3.8,0.295,0.9,1.5,0.577,0.481,0.7,0.9,0.828,0.6,1.4,2.0,0.7,0.4,0.4,0.4,1.3,5.8
805,23,0,7.0,1.1,2.8,0.385,0.7,2.1,0.306,0.4,0.7,0.625,0.5,0.1,0.1,1.0,0.3,0.6,0.9,0.4,0.3,0.0,0.2,0.4,2.9
806,35,0,13.1,0.9,2.5,0.36,0.3,0.8,0.393,0.6,1.7,0.345,0.424,0.6,0.9,0.677,0.9,1.4,2.3,0.8,0.5,0.3,0.5,1.9,2.7
807,34,11,19.4,2.0,3.7,0.544,0.0,0.0,0.0,2.0,3.6,0.548,0.544,0.6,1.0,0.543,1.8,1.3,3.1,0.6,0.3,1.4,0.7,2.4,4.6
808,35,35,28.8,3.4,7.1,0.478,1.4,4.0,0.348,2.0,3.0,0.651,0.577,1.5,1.9,0.791,1.8,5.2,6.9,2.0,1.0,0.4,1.1,2.3,9.7
809,35,35,26.7,5.7,12.5,0.458,1.8,5.8,0.314,3.9,6.7,0.583,0.531,1.7,2.6,0.644,1.6,3.4,5.0,1.9,1.1,0.7,2.5,1.6,15.0
810,35,24,16.8,1.7,2.8,0.598,0.0,0.0,0.0,1.7,2.7,0.604,0.598,0.5,1.1,0.486,1.7,1.6,3.3,0.5,0.5,2.1,0.7,2.0,3.8
811,35,35,32.8,4.4,10.1,0.435,2.1,5.3,0.387,2.3,4.7,0.488,0.537,4.2,5.4,0.783,1.7,4.1,5.9,4.0,1.8,0.1,1.7,2.0,15.0
812,35,0,12.7,1.2,2.8,0.443,0.1,0.9,0.065,1.2,1.9,0.621,0.454,0.3,0.7,0.391,0.8,2.3,3.1,0.8,0.5,0.3,0.5,0.9,2.8
813,14,0,1.3,0.1,0.1,0.5,0.0,0.0,,0.1,0.1,0.5,0.5,0.1,0.1,1.0,0.1,0.2,0.3,0.1,0.0,0.0,0.1,0.1,0.3
814,34,34,23.1,3.2,8.1,0.398,2.0,5.6,0.358,1.2,2.5,0.488,0.522,1.9,2.4,0.813,0.5,1.1,1.6,2.2,1.1,0.0,1.5,2.7,10.3
815,23,0,6.3,1.1,2.4,0.446,0.5,1.4,0.344,0.6,1.0,0.583,0.545,0.7,0.7,1.0,0.1,0.5,0.6,0.3,0.2,0.0,0.7,0.7,3.4
816,30,1,22.6,3.2,8.3,0.391,1.5,4.6,0.324,1.7,3.6,0.477,0.482,2.9,3.2,0.887,1.0,2.6,3.5,2.1,1.2,0.1,1.3,2.0,10.8
817,32,31,26.0,3.3,9.4,0.352,0.8,3.0,0.271,2.5,6.4,0.39,0.395,2.2,2.9,0.734,0.3,2.3,2.6,4.6,1.2,0.3,2.2,2.2,9.6
818,33,26,18.2,2.2,4.1,0.533,0.2,1.0,0.235,1.9,3.1,0.634,0.563,2.0,2.5,0.783,1.5,2.2,3.7,1.3,1.7,1.0,0.8,2.7,6.6
819,8,0,2.1,0.0,0.5,0.0,0.0,0.3,0.0,0.0,0.3,0.0,0.0,0.0,0.0,,0.0,0.4,0.4,0.4,0.1,0.0,0.3,0.1,0.0
820,33,33,25.0,4.2,7.4,0.568,0.8,2.3,0.338,3.4,5.0,0.675,0.621,1.2,1.7,0.667,3.1,4.8,7.9,1.0,0.8,1.1,0.8,3.0,10.3
821,8,0,1.9,0.1,0.4,0.333,0.0,0.3,0.0,0.1,0.1,1.0,0.333,0.0,0.0,,0.0,0.1,0.1,0.0,0.0,0.0,0.0,0.1,0.3
822,29,16,18.2,1.2,2.8,0.444,0.2,0.8,0.261,1.0,2.0,0.517,0.481,0.8,1.1,0.688,0.3,1.5,1.9,1.8,1.1,0.2,0.8,1.8,3.4
823,6,0,1.5,0.0,0.3,0.0,0.0,0.3,0.0,0.0,0.0,,0.0,0.0,0.0,,0.0,0.5,0.5,0.0,0.0,0.0,0.0,0.3,0.0
824,21,0,4.6,0.3,0.4,0.667,0.0,0.0,0.0,0.3,0.4,0.75,0.667,0.4,0.5,0.727,0.2,0.6,0.8,0.0,0.1,0.2,0.1,0.9,1.0
825,33,24,25.2,5.4,12.3,0.435,2.0,5.6,0.353,3.4,6.8,0.502,0.515,4.3,5.2,0.831,0.2,1.8,2.0,1.3,0.9,0.0,1.6,1.6,17.0
826,33,1,20.2,3.2,6.5,0.488,0.3,1.2,0.231,2.9,5.3,0.545,0.509,1.4,2.5,0.568,2.3,3.5,5.7,0.8,0.6,0.6,1.4,2.5,8.0
827,10,0,3.7,0.5,1.1,0.455,0.1,0.5,0.2,0.4,0.6,0.667,0.5,0.1,0.2,0.5,0.1,0.5,0.6,0.0,0.0,0.0,0.3,0.1,1.2
828,32,1,20.3,2.6,6.3,0.42,0.8,2.9,0.293,1.8,3.4,0.528,0.488,1.3,1.8,0.729,0.8,1.5,2.3,0.5,0.6,0.0,0.9,0.8,7.4
829,8,0,2.0,0.1,0.3,0.5,0.1,0.1,1.0,0.0,0.1,0.0,0.75,0.6,0.8,0.833,0.1,0.4,0.5,0.3,0.0,0.0,0.1,0.1,1.0
830,33,33,25.0,3.3,7.9,0.42,2.5,6.1,0.405,0.9,1.9,0.468,0.574,1.3,1.5,0.843,0.7,1.7,2.4,0.9,0.5,0.5,0.4,1.2,10.4
831,33,0,20.4,2.2,4.8,0.465,0.5,1.9,0.266,1.7,2.9,0.6,0.519,0.7,1.0,0.75,0.5,1.8,2.2,1.9,1.7,0.2,0.5,1.8,5.7
832,4,0,0.8,0.0,0.0,,0.0,0.0,,0.0,0.0,,,0.0,0.0,,0.0,0.0,0.0,0.0,0.0,0.0,0.0,0.0,0.0
833,11,0,2.1,0.1,0.7,0.125,0.1,0.4,0.25,0.0,0.4,0.0,0.188,0.0,0.0,,0.2,0.3,0.5,0.1,0.0,0.0,0.2,0.4,0.3
834,37,0,19.1,1.4,3.0,0.468,0.6,1.7,0.339,0.8,1.3,0.633,0.563,0.6,0.8,0.724,0.8,1.8,2.6,1.3,0.3,0.5,0.5,2.2,3.9
835,15,0,1.0,0.0,0.2,0.0,0.0,0.1,0.0,0.0,0.1,0.0,0.0,0.1,0.3,0.25,0.0,0.0,0.0,0.0,0.1,0.0,0.1,0.1,0.1
836,14,0,2.1,0.1,0.8,0.091,0.0,0.4,0.0,0.1,0.4,0.2,0.091,0.0,0.2,0.0,0.1,0.1,0.3,0.2,0.1,0.0,0.1,0.6,0.1
837,13,0,1.0,0.1,0.1,1.0,0.1,0.1,1.0,0.0,0.0,,1.5,0.0,0.0,,0.0,0.2,0.2,0.1,0.0,0.0,0.0,0.1,0.2
838,37,0,11.4,0.7,1.9,0.391,0.4,1.3,0.277,0.4,0.6,0.636,0.486,0.1,0.2,0.333,0.3,1.1,1.4,0.8,0.4,0.2,0.2,1.1,1.9
839,13,0,1.2,0.2,0.3,0.5,0.2,0.2,1.0,0.0,0.2,0.0,0.75,0.0,0.0,,0.2,0.2,0.3,0.1,0.0,0.0,0.0,0.1,0.5
840,37,37,31.2,5.5,12.2,0.451,1.6,4.9,0.322,3.9,7.3,0.537,0.516,3.2,3.9,0.815,1.0,4.1,5.1,2.2,0.9,0.1,2.1,2.5,15.8
841,37,37,31.1,5.5,11.9,0.465,2.3,5.9,0.388,3.2,5.9,0.541,0.562,6.2,6.9,0.909,0.8,4.5,5.3,1.8,0.7,0.2,1.8,1.7,19.6
842,37,4,21.9,2.3,5.0,0.457,1.1,2.3,0.459,1.2,2.7,0.455,0.563,0.9,1.1,0.805,0.6,2.1,2.7,1.8,0.9,0.1,0.7,2.1,6.5
843,20,0,3.5,0.5,1.4,0.357,0.4,1.1,0.333,0.2,0.4,0.429,0.482,0.2,0.2,1.0,0.1,0.4,0.5,0.1,0.1,0.1,0.2,0.5,1.6
844,33,33,27.6,2.8,8.1,0.345,1.6,5.5,0.29,1.2,2.5,0.464,0.444,2.0,2.4,0.846,0.2,2.1,2.4,2.7,0.8,0.1,1.1,1.7,9.2
845,37,37,21.1,3.4,6.1,0.564,0.9,2.6,0.358,2.5,3.5,0.715,0.64,1.6,2.1,0.769,1.7,4.1,5.8,1.1,0.4,0.4,0.8,1.6,9.4
846,9,0,2.3,0.2,0.3,0.667,0.0,0.1,0.0,0.2,0.2,1.0,0.667,0.4,0.7,0.667,0.4,0.7,1.1,0.1,0.0,0.1,0.2,0.3,0.9
847,37,37,25.6,3.8,7.0,0.539,0.9,2.1,0.416,2.9,4.9,0.591,0.601,1.5,1.8,0.821,1.4,3.9,5.3,2.4,0.5,0.5,1.4,2.1,9.9
848,37,0,9.6,1.2,3.3,0.374,0.5,1.8,0.294,0.7,1.5,0.473,0.455,0.5,0.7,0.704,0.4,1.4,1.8,0.4,0.2,0.3,0.5,0.9,3.5
849,29,0,15.6,1.5,4.6,0.326,0.8,3.0,0.267,0.7,1.6,0.435,0.413,0.3,0.4,0.667,1.2,1.0,2.3,1.0,0.6,0.1,0.7,1.6,4.0
850,8,0,10.8,1.1,3.0,0.375,0.1,1.1,0.111,1.0,1.9,0.533,0.396,0.9,1.6,0.538,1.3,2.9,4.1,1.4,0.3,0.4,1.0,1.4,3.3
851,14,0,6.4,0.5,1.3,0.389,0.1,0.1,1.0,0.4,1.2,0.353,0.417,0.3,0.8,0.364,0.6,1.2,1.9,0.1,0.2,0.3,0.2,0.8,1.4
852,34,34,28.5,5.1,11.7,0.436,1.8,5.2,0.35,3.3,6.5,0.505,0.514,2.3,2.8,0.811,0.9,3.1,4.0,3.1,0.9,0.3,2.3,1.6,14.3
853,35,35,28.1,3.3,8.0,0.407,1.9,5.5,0.342,1.4,2.5,0.552,0.525,2.7,3.2,0.823,0.7,1.7,2.5,1.5,0.7,0.0,1.4,1.9,11.1
854,6,0,2.8,0.7,1.7,0.4,0.0,0.2,0.0,0.7,1.5,0.444,0.4,0.2,0.3,0.5,0.8,0.3,1.2,0.2,0.0,0.2,0.2,0.3,1.5
855,33,24,21.9,3.3,7.6,0.436,1.9,5.4,0.346,1.4,2.2,0.662,0.56,0.9,1.2,0.795,1.0,2.8,3.8,1.1,0.3,0.5,0.9,2.2,9.4
856,35,12,22.1,3.0,6.0,0.5,0.6,2.0,0.31,2.4,4.0,0.597,0.552,1.4,1.9,0.716,1.2,2.6,3.8,1.7,0.7,0.7,1.3,2.3,8.0
857,34,34,27.1,3.0,6.1,0.49,1.7,3.7,0.456,1.3,2.4,0.543,0.629,2.0,2.6,0.761,0.8,2.8,3.5,1.7,1.2,0.0,0.9,2.7,9.6
858,28,0,14.5,1.5,3.4,0.438,0.4,1.6,0.222,1.1,1.8,0.627,0.49,0.8,1.2,0.618,0.7,1.4,2.0,0.8,0.5,0.2,0.5,1.4,4.1
859,35,35,27.0,5.2,9.2,0.567,0.0,0.1,0.0,5.2,9.1,0.575,0.567,1.2,3.8,0.318,3.6,5.6,9.2,3.1,0.7,0.5,1.5,1.7,11.7
860,34,1,20.1,1.3,3.6,0.369,1.1,2.9,0.36,0.3,0.6,0.409,0.516,0.4,0.6,0.7,0.8,2.1,2.9,1.2,0.4,0.1,0.5,1.6,4.1
861,1,0,1.0,0.0,0.0,,0.0,0.0,,0.0,0.0,,,0.0,0.0,,0.0,0.0,0.0,1.0,0.0,0.0,0.0,0.0,0.0
862,3,0,2.3,0.3,1.0,0.333,0.3,0.7,0.5,0.0,0.3,0.0,0.5,0.0,0.0,,0.3,0.0,0.3,0.7,0.0,0.0,0.3,0.0,1.0
863,11,0,4.2,0.5,0.5,0.833,0.2,0.3,0.667,0.3,0.3,1.0,1.0,0.2,0.2,1.0,0.1,1.0,1.1,0.3,0.1,0.0,0.0,0.5,1.3
864,34,33,28.5,3.9,7.4,0.532,0.2,0.8,0.25,3.7,6.6,0.567,0.546,2.9,3.5,0.817,1.0,4.5,5.5,2.6,1.6,0.6,1.6,2.1,11.0
865,34,0,18.9,2.1,5.1,0.408,1.4,3.3,0.411,0.7,1.8,0.403,0.54,1.8,2.1,0.857,0.3,2.1,2.4,1.5,0.8,0.2,0.7,1.4,7.3
866,34,34,32.6,3.2,7.6,0.425,0.6,1.6,0.345,2.7,6.0,0.446,0.461,2.5,3.2,0.782,0.3,2.3,2.6,4.2,1.4,0.2,1.6,2.1,9.6
867,1,0,1.0,0.0,0.0,,0.0,0.0,,0.0,0.0,,,0.0,0.0,,0.0,0.0,0.0,0.0,0.0,0.0,0.0,0.0,0.0
868,2,0,1.5,0.5,0.5,1.0,0.0,0.0,,0.5,0.5,1.0,1.0,0.0,0.0,,0.0,0.0,0.0,0.0,0.0,0.0,0.0,0.5,1.0
869,34,6,18.9,2.0,4.1,0.5,0.5,0.9,0.531,1.5,3.1,0.491,0.562,1.2,1.6,0.759,1.1,2.1,3.2,0.8,0.5,0.5,1.2,2.1,5.8
870,34,0,9.9,0.9,2.0,0.471,0.3,0.6,0.5,0.6,1.4,0.458,0.544,0.7,1.2,0.6,0.5,1.4,2.0,0.7,0.0,0.1,0.8,1.4,2.9
871,34,34,27.1,2.6,6.5,0.409,1.3,3.3,0.402,1.3,3.2,0.417,0.511,1.3,1.6,0.768,0.8,4.0,4.8,2.0,0.9,0.1,1.0,1.9,7.9
872,1,0,1.0,0.0,0.0,,0.0,0.0,,0.0,0.0,,,0.0,0.0,,0.0,0.0,0.0,0.0,0.0,0.0,0.0,0.0,0.0
873,34,34,33.0,5.2,11.5,0.45,2.9,7.1,0.413,2.3,4.4,0.51,0.577,3.3,3.9,0.828,0.3,2.5,2.7,2.5,1.3,0.2,1.6,2.5,16.5
874,9,0,10.9,1.6,3.9,0.4,1.0,2.7,0.375,0.6,1.2,0.455,0.529,0.9,0.9,1.0,0.2,0.7,0.9,1.0,0.3,0.0,0.9,0.9,5.0
875,31,29,30.8,6.5,12.6,0.517,1.0,3.2,0.3,5.5,9.4,0.591,0.555,2.8,3.8,0.752,1.7,5.2,6.8,2.1,1.1,0.8,1.7,2.0,16.8
876,29,29,32.7,4.3,10.1,0.429,1.3,3.7,0.368,3.0,6.5,0.463,0.495,3.0,4.2,0.699,0.7,4.9,5.6,5.8,1.8,0.4,2.9,2.7,13.0
877,29,21,25.0,3.6,6.6,0.547,0.5,1.3,0.385,3.1,5.3,0.588,0.586,1.0,1.5,0.698,1.2,3.4,4.6,0.7,0.6,0.6,0.8,1.9,8.8
878,14,0,5.4,0.2,1.0,0.214,0.1,0.2,0.667,0.1,0.8,0.091,0.286,0.4,0.6,0.625,0.1,0.4,0.5,0.4,0.4,0.1,0.4,0.6,0.9
879,2,0,7.0,0.5,1.0,0.5,0.0,0.0,,0.5,1.0,0.5,0.5,0.0,0.0,,0.5,1.0,1.5,0.0,0.0,0.0,1.0,0.0,1.0
880,30,0,20.7,2.6,5.0,0.53,0.2,0.9,0.269,2.4,4.1,0.585,0.554,1.6,2.1,0.766,1.8,3.2,5.0,1.5,0.5,0.2,0.7,1.4,7.1
881,29,1,7.2,0.9,1.9,0.463,0.1,0.6,0.176,0.8,1.3,0.595,0.491,0.4,0.6,0.688,0.4,0.6,1.0,0.6,0.3,0.1,0.3,1.2,2.2
882,10,0,3.2,0.2,0.7,0.286,0.0,0.0,,0.2,0.7,0.286,0.286,0.1,0.4,0.25,0.4,0.1,0.5,0.1,0.1,0.0,0.5,0.1,0.5
883,27,27,31.6,6.6,14.7,0.451,3.2,7.9,0.408,3.4,6.8,0.5,0.56,2.9,3.2,0.897,0.4,2.9,3.3,1.3,0.6,0.1,0.7,1.8,19.4
884,23,0,8.0,0.7,1.7,0.436,0.3,1.0,0.273,0.5,0.7,0.647,0.513,0.2,0.3,0.714,0.1,0.8,0.9,0.7,0.2,0.1,0.3,0.9,2.0
885,30,30,30.5,5.8,10.9,0.529,0.9,1.9,0.482,4.9,9.0,0.539,0.57,3.0,4.0,0.744,1.9,5.2,7.1,3.6,0.8,0.2,1.5,2.0,15.4
886,24,0,9.2,1.4,3.0,0.458,0.8,1.8,0.429,0.6,1.3,0.5,0.583,0.0,0.0,,0.2,1.2,1.3,0.2,0.2,0.0,0.2,1.1,3.5
887,30,29,20.6,2.9,5.0,0.591,0.0,0.0,0.0,2.9,4.9,0.595,0.591,1.6,2.5,0.632,2.0,1.8,3.8,0.8,0.3,1.6,0.7,1.9,7.5
888,11,1,5.0,1.0,1.5,0.647,0.3,0.5,0.5,0.7,1.0,0.727,0.735,0.2,0.4,0.5,0.1,0.8,0.9,0.5,0.3,0.2,0.0,0.9,2.5
889,30,4,11.4,1.1,2.7,0.425,0.5,1.4,0.326,0.7,1.2,0.541,0.513,0.3,0.4,0.833,0.1,1.0,1.1,0.8,0.3,0.0,0.6,1.1,3.1
890,8,8,23.5,2.5,4.6,0.541,1.0,2.1,0.471,1.5,2.5,0.6,0.649,0.4,1.0,0.375,1.1,4.9,6.0,2.5,0.5,0.3,2.5,1.9,6.4
